Country Code,alpha2Code,Country Name,alias,region,flagImageUrl,1970,1975,1976,1977,1978,1979,1980,1981,1982,1983,1984,1985,1986,1987,1988,1989,1990,1991,1992,1993,1994,1995,1996,1997,1998,1999,2000,2001,2002,2003,2004,2005,2006,2007,2008,2009,2010,2011,2012,2013,2014,2015,2016,2017,2018
ABW,AW,Aruba,Aruba,Central America,https://www.countryflags.io/AW/flat/64.png,,,,,,,,,,,,,,,,,,,,,,,,,,,97.0713577270508,,,,,,,,,,96.7197799682617,,,,,,,,
AFG,AF,Afghanistan,Afghanistan,Asia,https://www.countryflags.io/AF/flat/64.png,,,,,,4.98746013641357,,,,,,,,,,,,,,,,,,,,,,,,,,,,,,,,17.612060546875,,,,,,,
AGO,AO,Angola,Angola,Africa,https://www.countryflags.io/AO/flat/64.png,,,,,,,,,,,,,,,,,,,,,,,,,,,,54.194488525390604,,,,,,,,,,,,,53.4072113037109,,,,
ALB,AL,Albania,Albania,Europe,https://www.countryflags.io/AL/flat/64.png,,,,,,,,,,,,,,,,,,,,,,,,,,,,98.2522735595703,,,,,,,94.6818084716797,,,95.6914825439453,96.1360702514648,,,,,,
AND,AD,Andorra,Andorra,Europe,https://www.countryflags.io/AD/flat/64.png,,,,,,,,,,,,,,,,,,,,,,,,,,,,,,,,,,,,,,,,,,,,,
ARE,AE,United Arab Emirates,UAE,Asia,https://www.countryflags.io/AE/flat/64.png,,38.124870300293004,,,,,,,,,,68.66127777099611,,,,,,,,,,,,,,,,,,,,91.4747467041016,,,,,,,,,,,,,
ARG,AR,Argentina,Argentina,South America,https://www.countryflags.io/AR/flat/64.png,,,,,,,93.5808868408203,,,,,,,,,,,96.0413589477539,,,,,,,,,,97.1934127807617,,,,,98.51077270507808,,,99.0017623901367,98.92807006835942,98.9998397827148,99.0999526977539,99.0912094116211,98.9328231811523,99.20877075195308,99.14309692382808,,
ARM,AM,Armenia,Armenia,Europe,https://www.countryflags.io/AM/flat/64.png,,,,,,,,,,,,,,,,98.15013885498051,,,,,,,,,,,,99.16107177734379,,,,,,,,,,99.6903533935547,,,,,,,
ASM,AS,American Samoa,American Samoa,Oceania,https://www.countryflags.io/AS/flat/64.png,,,,,,,97.21990966796879,,,,,,,,,,,,,,,,,,,,,,,,,,,,,,,,,,,,,,
ATG,AG,Antigua and Barbuda,Antigua and Barbuda,Central America,https://www.countryflags.io/AG/flat/64.png,,,,,,,,,,,,,,,,,,,,,,,,,,,,99.4199981689453,,,,,,,,,,,,,,99.4199981689453,,,
AUS,AU,Australia,Australia,Oceania,https://www.countryflags.io/AU/flat/64.png,,,,,,,,,,,,,,,,,,,,,,,,,,,,,,,,,,,,,,,,,,,,,
AUT,AT,Austria,Austria,Europe,https://www.countryflags.io/AT/flat/64.png,,,,,,,,,,,,,,,,,,,,,,,,,,,,,,,,,,,,,,,,,,,,,
AZE,AZ,Azerbaijan,Azerbaijan,Europe,https://www.countryflags.io/AZ/flat/64.png,,,,,,,,,,,,,,,,,,,,,,,,,,98.1747817993164,,,,,,,,99.3978805541992,,99.6821517944336,99.692626953125,99.70496368408199,99.7028579711914,99.7168197631836,99.7196578979492,99.7171401977539,99.7195510864258,,
BDI,BI,Burundi,Burundi,Africa,https://www.countryflags.io/BI/flat/64.png,,,,,,11.983570098877001,,,,,,,,,,,27.529300689697298,,,,,,,,,,52.2377586364746,,,,,,,,43.157188415527294,,,,,,54.663028717040994,,,,
BEL,BE,Belgium,Belgium,Europe,https://www.countryflags.io/BE/flat/64.png,,,,,,,,,,,,,,,,,,,,,,,,,,,,,,,,,,,,,,,,,,,,,
BEN,BJ,Benin,Benin,Africa,https://www.countryflags.io/BJ/flat/64.png,,,,,,9.539079666137699,,,,,,,,,,,,,16.565240859985398,,,,,,,,,,23.3001403808594,,,,18.4429092407227,,,,,,22.093879699707,,,,,,
BFA,BF,Burkina Faso,Burkina Faso,Africa,https://www.countryflags.io/BF/flat/64.png,,3.1827700138092,,,,,,,,,,,,,,,,8.225429534912111,,,,,8.05797958374023,,,,,,,15.188770294189501,,16.622240066528303,16.291130065918,21.5795707702637,,,,,,,26.2202491760254,,,,
BGD,BD,Bangladesh,Bangladesh,Asia,https://www.countryflags.io/BD/flat/64.png,,,,,,,,17.9716300964355,,,,,,,,,,25.838979721069304,,,,,,,,,,40.8233489990234,,,,,,43.740848541259794,,,,55.1194381713867,54.23603820800779,57.7890014648438,57.860931396484396,62.2529907226563,69.8972091674805,70.0857009887695,
BGR,BG,Bulgaria,Bulgaria,Europe,https://www.countryflags.io/BG/flat/64.png,,,,,,,,,,,,,,,,,,,,,,,,,,,,97.7064895629883,,,,,,,,,,97.9839019775391,,,,,,,
BHR,BH,Bahrain,Bahrain,Asia,https://www.countryflags.io/BH/flat/64.png,,,,,,,,58.591091156005895,,,,,,,,,,76.9323196411133,,,,,,,,,,83.5574188232422,,,,,,,,,91.61257934570308,,,,,,92.9849395751953,,
BHS,BS,"Bahamas, The","Bahamas, The",Central America,https://www.countryflags.io/BS/flat/64.png,,,,,,,,,,,,,,,,,,,,,,,,,,,,,,,,,,,,,,,,,,,,,
BIH,BA,Bosnia and Herzegovina,Bosnia and Herzegovina,Europe,https://www.countryflags.io/BA/flat/64.png,,,,,,,,,,,,,,,,,,81.9593276977539,,,,,,,,,94.3599395751953,,,,,,,,,,,96.8037109375,,94.91049194335942,,,,,
BLR,BY,Belarus,Belarus,Europe,https://www.countryflags.io/BY/flat/64.png,,,,,,,,,,,,,,,,96.6282196044922,,,,,,,,,,99.4197235107422,,,,,,,,,,99.49398803710942,,,,,,,,,
BLZ,BZ,Belize,Belize,Central America,https://www.countryflags.io/BZ/flat/64.png,,,,,,,,,,,,,,,,,,70.32839202880861,,,,,,,,,,,,,,,,,,,,,,,,,,,
BMU,BM,Bermuda,Bermuda,Central America,https://www.countryflags.io/BM/flat/64.png,,,,,,,,,,,,,,,,,,,,,,,,,,,,,,,,,,,,,,,,,,,,,
BOL,BO,Bolivia,Bolivia,South America,https://www.countryflags.io/BO/flat/64.png,,,51.3746490478516,,,,,,,,,,,,,,,,72.31321716308591,,,,,,,,,80.6543807983398,,,,,,85.9859390258789,86.8317489624023,86.8214569091797,,88.0802001953125,91.8732681274414,,,88.5828628540039,,,
BRA,BR,Brazil,Brazil,South America,https://www.countryflags.io/BR/flat/64.png,,,,,,,72.8531494140625,,,,,,,,,,,,,,,,,,,,86.5000534057617,,,,88.8061294555664,,89.8555908203125,90.2280120849609,90.2195510864258,90.4112167358398,90.68170166015629,91.63314819335942,91.6249008178711,91.7649612426758,92.06051635742192,92.3437881469727,,,
BRB,BB,Barbados,Barbados,Central America,https://www.countryflags.io/BB/flat/64.png,99.25155639648442,,,,,,,,,,99.5999984741211,,,,,,,,,,99.5999984741211,,,,,,,,,,99.5999984741211,,,,,,,,,,99.5999984741211,,,,
BRN,BN,Brunei Darussalam,Brunei Darussalam,Asia,https://www.countryflags.io/BN/flat/64.png,,,,,,,,68.84182739257811,,,,,,,,,,82.4613571166992,,,,,,,,,,90.1615524291992,,,,,,,,,,94.6524810791016,,,,,,,
BTN,BT,Bhutan,Bhutan,Asia,https://www.countryflags.io/BT/flat/64.png,,,,,,,,,,,,,,,,,,,,,,,,,,,,,,,,38.6806602478027,,,,,,,48.0165596008301,,,,,,
BWA,BW,Botswana,Botswana,Africa,https://www.countryflags.io/BW/flat/64.png,,,,,,,,,,,,,,,,,,71.2992401123047,,,,,,,,,,,,81.8079528808594,,,,,,,,,,,88.6999969482422,,,,
CAF,CF,Central African Republic,Central African Republic,Africa,https://www.countryflags.io/CF/flat/64.png,,8.39958000183105,,,,,,,,,,,,,20.336879730224602,,,,,,,,,,,,35.290901184081996,,,,,,,,,,24.355489730835,,,,,,,,
CAN,CA,Canada,Canada,North America,https://www.countryflags.io/CA/flat/64.png,,,,,,,,,,,,,,,,,,,,,,,,,,,,,,,,,,,,,,,,,,,,,
CHE,CH,Switzerland,Switzerland,Europe,https://www.countryflags.io/CH/flat/64.png,,,,,,,,,,,,,,,,,,,,,,,,,,,,,,,,,,,,,,,,,,,,,
CHL,CL,Chile,Chile,South America,https://www.countryflags.io/CL/flat/64.png,,,,,,,,,90.8001174926758,,,,,,,,,,94.03671264648442,,,,,,,,,,95.64093017578129,,,,,,98.6955718994141,98.4912796020508,,96.5307083129883,,96.16175079345699,,96.74395751953129,,,
CHN,CN,China,China,Asia,https://www.countryflags.io/CN/flat/64.png,,,,,,,,,51.136810302734396,,,,,,,,68.07208251953129,,,,,,,,,,86.52660369873051,,,,,,,,,,92.7112274169922,,,,,,,,
CIV,CI,Cote d'Ivoire,Cote d'Ivoire,Africa,https://www.countryflags.io/CI/flat/64.png,,,,,,,,,,,,,,,23.433780670166,,,,,,,,,,28.4766693115234,,38.614509582519496,,,,,,,,,,,,30.4617195129395,,36.784248352050795,,,,
CMR,CM,Cameroon,Cameroon,Africa,https://www.countryflags.io/CM/flat/64.png,,,29.116130828857397,,,,,,,,,,,,,,,,,,,,,,,,58.7217597961426,,,,,,,63.0220603942871,,,64.79949951171879,,,,,,,,
COD,CD,"Congo, Dem. Rep.","Congo, Dem. Rep.",Africa,https://www.countryflags.io/CD/flat/64.png,,,,,,,,,,,,,,,,,,,,,,,,,,,,54.0609016418457,,,,,,46.104251861572294,,,,,62.9186401367188,,,,66.49997711181639,,
COG,CG,"Congo, Rep.","Congo, Rep.",Africa,https://www.countryflags.io/CG/flat/64.png,,,,,,,,,,,,,,,,,,,,,,,,,,,,,,,,,,,,,,72.87705993652341,,,,,,,
COL,CO,Colombia,Colombia,South America,https://www.countryflags.io/CO/flat/64.png,,,,,,,,,,,,,,,,,,,,91.1479034423828,,,91.3140029907227,,,,,,,,92.71463012695308,92.91124725341801,92.2205963134766,92.8456192016602,93.4353713989258,93.41513061523442,93.4867935180664,93.6671295166016,,,94.4846572875977,94.4158172607422,94.8902206420898,,
COM,KM,Comoros,Comoros,Africa,https://www.countryflags.io/KM/flat/64.png,,,,,,,40.317619323730504,,,,,,,,,,,,,,,,,,,,63.4590187072754,,,,,,,,,,,,42.637290954589794,,,,,,
CPV,CV,Cabo Verde,Cabo Verde,Africa,https://www.countryflags.io/CV/flat/64.png,,,,,,,,,,,,,,,,,52.998619079589794,,,,,,,,,,,,,,81.4599990844727,,,,,,,,80.496223449707,,,82.04222106933591,,,
CRI,CR,Costa Rica,Costa Rica,Central America,https://www.countryflags.io/CR/flat/64.png,,,,,,,,,,,92.5771331787109,,,,,,,,,,,,,,,,95.0807876586914,,,,,,,,,,,97.5004119873047,,,,,,,
CUB,CU,Cuba,Cuba,Central America,https://www.countryflags.io/CU/flat/64.png,,,,,,,,,,,,,,,,,,,,,,,,,,,,,99.7909164428711,,,,,,,,,,99.7998809814453,,,,,,
CUW,CW,Curacao,Curacao,Central America,https://www.countryflags.io/CW/flat/64.png,,,,,,,,,,,,,,,,,,,,,,,,,,,,,,,,,,,,,,,,,,,,,
CYM,KY,Cayman Islands,Cayman Islands,Central America,https://www.countryflags.io/KY/flat/64.png,,,,,,,,,,,,,,,,,,,,,,,,,,,,,,,,,,99.02147674560551,,,,,,,,,,,
CYP,CY,Cyprus,Cyprus,Europe,https://www.countryflags.io/CY/flat/64.png,,,,,,,,,,,,,,,,,,,91.0017776489258,,,,,,,,,95.0796585083008,,,,,,,,,,98.1162261962891,,,,,,,
CZE,CZ,Czech Republic,Czech Republic,Europe,https://www.countryflags.io/CZ/flat/64.png,,,,,,,,,,,,,,,,,,,,,,,,,,,,,,,,,,,,,,,,,,,,,
DEU,DE,Germany,Germany,Europe,https://www.countryflags.io/DE/flat/64.png,,,,,,,,,,,,,,,,,,,,,,,,,,,,,,,,,,,,,,,,,,,,,
DJI,DJ,Djibouti,Djibouti,Africa,https://www.countryflags.io/DJ/flat/64.png,,,,,,,,,,,,,,,,,,,,,,,,,,,,,,,,,,,,,,,,,,,,,
DMA,DM,Dominica,Dominica,Central America,https://www.countryflags.io/DM/flat/64.png,,,,,,,,,,,,,,,,,,,,,,,,,,,,,,,,,,,,,,,,,,,,,
DNK,DK,Denmark,Denmark,Europe,https://www.countryflags.io/DK/flat/64.png,,,,,,,,,,,,,,,,,,,,,,,,,,,,,,,,,,,,,,,,,,,,,
DOM,DO,Dominican Republic,Dominican Republic,Central America,https://www.countryflags.io/DO/flat/64.png,,,,,,,,72.5360794067383,,,,,,,,,,,,,,,,,,,,,87.17709350585942,,,,,88.2771682739258,,,89.6973037719727,90.2255706787109,90.2241668701172,91.2505111694336,92.1477890014648,92.3210601806641,93.76412963867192,,
DZA,DZ,Algeria,Algeria,Africa,https://www.countryflags.io/DZ/flat/64.png,,,,,,,,,,,,,,35.8399200439453,,,,,,,,,,,,,,,60.075080871582,,,,63.9187889099121,,67.5487518310547,,,,,,,,,,
ECU,EC,Ecuador,Ecuador,South America,https://www.countryflags.io/EC/flat/64.png,,,,,,,,,80.4052276611328,,,,,,,,86.19332885742192,,,,,,,,,,,89.6970901489258,,,,,,90.86557006835942,91.12256622314449,90.9175491333008,90.4701080322266,90.22081756591801,90.9516830444336,92.21807861328129,93.2538604736328,93.25662231445308,93.3145294189453,,
EGY,EG,"Egypt, Arab Rep.",Egypt,Africa,https://www.countryflags.io/EG/flat/64.png,,,22.438009262085,,,,,,,,,,31.3926696777344,,,,,,,,,,43.595310211181605,,,,,,,,,30.797960281372102,57.8119087219238,,,,63.5158081054688,,65.7566604614258,67.1798629760742,,,,65.5056915283203,
ERI,ER,Eritrea,Eritrea,Africa,https://www.countryflags.io/ER/flat/64.png,,,,,,,,,,,,,,,,,,,,,,,,,,,,,40.224418640136705,,,,,,54.80107116699221,,,,,,,,,,
ESP,ES,Spain,Spain,Europe,https://www.countryflags.io/ES/flat/64.png,,,,,,,,89.93692016601558,,,,,,,,,,95.0510025024414,,,,,,,,,,,,,96.2308807373047,96.9251480102539,,97.2603225708008,96.8868408203125,96.9259719848633,97.0045013427734,97.0655670166016,97.2180404663086,97.4405364990234,97.4873504638672,97.54712677001949,97.6953582763672,,
EST,EE,Estonia,Estonia,Europe,https://www.countryflags.io/EE/flat/64.png,,,,,,,,,,,,,,,,99.6014785766602,,,,,,,,,,,99.7600631713867,,,,,,,,,,,99.9094772338867,,,,,,,
ETH,ET,Ethiopia,Ethiopia,Africa,https://www.countryflags.io/ET/flat/64.png,,,,,,,,,,,,,,,,,,,,,18.514980316162102,,,,,,,,,,22.7999992370605,17.9771995544434,,28.921640396118196,,,,,,,,,,,
FIN,FI,Finland,Finland,Europe,https://www.countryflags.io/FI/flat/64.png,,,,,,,,,,,,,,,,,,,,,,,,,,,,,,,,,,,,,,,,,,,,,
FJI,FJ,Fiji,Fiji,Oceania,https://www.countryflags.io/FJ/flat/64.png,,,,,,,,,,,,,,,,,,,,,,,,,,,,,,,,,,,,,,,,,,,,,
FRA,FR,France,France,Europe,https://www.countryflags.io/FR/flat/64.png,,,,,,,,,,,,,,,,,,,,,,,,,,,,,,,,,,,,,,,,,,,,,
FRO,FO,Faroe Islands,Faroe Islands,Europe,https://www.countryflags.io/FO/flat/64.png,,,,,,,,,,,,,,,,,,,,,,,,,,,,,,,,,,,,,,,,,,,,,
FSM,FM,"Micronesia, Fed. Sts.","Micronesia, Fed. Sts.",Oceania,https://www.countryflags.io/FM/flat/64.png,,,,,,,,,,,,,,,,,,,,,,,,,,,,,,,,,,,,,,,,,,,,,
GAB,GA,Gabon,Gabon,Africa,https://www.countryflags.io/GA/flat/64.png,,,,,,,,,,,,,,,,,,,,65.3263092041016,,,,,,,,,,,,,,,,,,,79.87896728515629,,,,,,
GBR,GB,United Kingdom,United Kingdom,Europe,https://www.countryflags.io/GB/flat/64.png,,,,,,,,,,,,,,,,,,,,,,,,,,,,,,,,,,,,,,,,,,,,,
GEO,GE,Georgia,Georgia,Europe,https://www.countryflags.io/GE/flat/64.png,,,,,,,,,,,,,,,,,,,,,,,,,,,,,99.55284881591801,,,,,,,,,,,,99.5145797729492,,,,
GHA,GH,Ghana,Ghana,Africa,https://www.countryflags.io/GH/flat/64.png,,,,,,,,,,,,,,,,,,,,,,,,,,,49.791961669921896,,,,,,,,,,65.2946929931641,,,,,,,,
GIB,GI,Gibraltar,Gibraltar,Europe,https://www.countryflags.io/GI/flat/64.png,,,,,,,,,,,,,,,,,,,,,,,,,,,,,,,,,,,,,,,,,,,,,
GIN,GN,Guinea,Guinea,Africa,https://www.countryflags.io/GN/flat/64.png,,,,,,,,,,,,,,,,,,,,,,,9.74306964874268,,,,,,,18.2386798858643,,,,,,,12.1919498443604,,,,21.9622802734375,,,,
GMB,GM,"Gambia, The","Gambia, The",Africa,https://www.countryflags.io/GM/flat/64.png,,,,,,,,,,,,,,,,,,,,,,,,,,,25.0615501403809,,,,,,,,,,,,,33.5753517150879,,,,,
GNB,GW,Guinea-Bissau,Guinea-Bissau,Africa,https://www.countryflags.io/GW/flat/64.png,,,,,,8.588259696960451,,,,,,,,,,,,,,,,,,,,,27.4942092895508,,,,,,,,,,,,,,30.7685108184814,,,,
GNQ,GQ,Equatorial Guinea,Equatorial Guinea,Africa,https://www.countryflags.io/GQ/flat/64.png,,,,,,,,,,,,,,,,,,,,,,,,,,,81.6230010986328,,,,,,,,,,,,,,92.4000015258789,,,,
GRC,GR,Greece,Greece,Europe,https://www.countryflags.io/GR/flat/64.png,,,,,,,,85.3199920654297,,,,,,,,,,89.35330200195308,,,,,,,,,,94.23941040039058,,,,90.76541137695308,,91.81246948242192,,91.8476104736328,,96.5021133422852,,,,,,,
GRD,GD,Grenada,Grenada,Central America,https://www.countryflags.io/GD/flat/64.png,97.58978271484379,,,,,,,,,,98.5999984741211,,,,,,,,,,98.5999984741211,,,,,,,,,,98.5999984741211,,,,,,,,,,98.5999984741211,,,,
GRL,GL,Greenland,Greenland,Europe,https://www.countryflags.io/GL/flat/64.png,,,,,,,,,,,,,,,,,,,,,,,,,,,,,,,,,,,,,,,,,,,,,
GTM,GT,Guatemala,Guatemala,Central America,https://www.countryflags.io/GT/flat/64.png,,,,,,,,,,,,,,,,,,,,,57.292659759521506,,,,,,,,63.341381072998,,,,,,,,,,72.42803955078129,72.1275863647461,76.3706588745117,,,,
GUM,GU,Guam,Guam,Oceania,https://www.countryflags.io/GU/flat/64.png,,,,,,,96.4630813598633,,,,,,,,,,99.30850219726558,,,,,,,,,,,,,,,,,,,,,,,,,,,,
GUY,GY,Guyana,Guyana,South America,https://www.countryflags.io/GY/flat/64.png,,,,,,,,,,,,,,,,,,,,,,,,,,,,,,,,,,,,87.25198364257808,,,,,85.03460693359379,,,,
HKG,HK,"Hong Kong SAR, China",Hong Kong,Asia,https://www.countryflags.io/HK/flat/64.png,,,,,,,,,,,,,,,,,,,,,,,,,,,,,,,,,,,,,,,,,,,,,
HND,HN,Honduras,Honduras,Central America,https://www.countryflags.io/HN/flat/64.png,,,,,,,,,,,,,,,,,,,,,,,,,,,,80.2236022949219,,,,,,83.452766418457,,,84.7250289916992,84.9302673339844,85.0514831542969,85.28472900390629,87.02599334716801,87.8936996459961,88.9348602294922,,
HRV,HR,Croatia,Croatia,Europe,https://www.countryflags.io/HR/flat/64.png,,,,,,,,,,,,,,,,,,94.8172225952148,,,,,,,,,,97.0839004516602,,,,,,,,,,98.6659088134766,,,,,,,
HTI,HT,Haiti,Haiti,Central America,https://www.countryflags.io/HT/flat/64.png,,,,,,,,,32.524959564209,,,,,,,,,,,,,,,,,,,,,54.8614692687988,,,44.599449157714794,,,,,,,,,,,,
HUN,HU,Hungary,Hungary,Europe,https://www.countryflags.io/HU/flat/64.png,,,,,,,98.45413208007808,,,,,,,,,,,,,,,,,,,,,,,,,,,,,,,,,,99.0999984741211,,,,
IDN,ID,Indonesia,Indonesia,Asia,https://www.countryflags.io/ID/flat/64.png,,,,,,,57.6946296691895,,,,,,,,,,75.2701187133789,,,,,,,,,,,,,,86.79959106445308,,88.78697967529301,,89.1013870239258,89.67711639404301,,90.0687026977539,,,93.45089721679692,93.3357086181641,93.58692169189449,,
IMN,IM,Isle of Man,Isle of Man,Europe,https://www.countryflags.io/IM/flat/64.png,,,,,,,,,,,,,,,,,,,,,,,,,,,,,,,,,,,,,,,,,,,,,
IND,IN,India,India,Asia,https://www.countryflags.io/IN/flat/64.png,,,,,,,,25.6762504577637,,,,,,,,,,33.7295303344727,,,,,,,,,,47.842098236084006,,,,,50.823760986328104,,,,,59.2773208618164,,,,,,,
IRL,IE,Ireland,Ireland,Europe,https://www.countryflags.io/IE/flat/64.png,,,,,,,,,,,,,,,,,,,,,,,,,,,,,,,,,,,,,,,,,,,,,
IRN,IR,"Iran, Islamic Rep.",Iran,Asia,https://www.countryflags.io/IR/flat/64.png,,,24.4230804443359,,,,,,,,,,41.0339508056641,,,,,56.156421661377,,,,,66.067756652832,,,,,,70.4000015258789,,,76.8026428222656,77.2400207519531,,77.69471740722659,,,,78.4162673950195,79.7558364868164,79.8393478393555,,80.7874374389648,,
IRQ,IQ,Iraq,Iraq,Asia,https://www.countryflags.io/IQ/flat/64.png,,,,,,,,,,,,,,,,,,,,,,,,,,,64.1695022583008,,,,,,,,,,,,,37.955249786377,,,,,
ISL,IS,Iceland,Iceland,Europe,https://www.countryflags.io/IS/flat/64.png,,,,,,,,,,,,,,,,,,,,,,,,,,,,,,,,,,,,,,,,,,,,,
ISR,IL,Israel,Israel,Asia,https://www.countryflags.io/IL/flat/64.png,,,,,,,,,,88.6747207641602,,,,,,,,,,,,,,,,,,,,,,,,,,,,,,,,,,,
ITA,IT,Italy,Italy,Europe,https://www.countryflags.io/IT/flat/64.png,,,,,,,,95.5366668701172,,,,,,,,,,,,,,,,,,,,98.0421524047852,,,,,,,,,,98.5795669555664,,,,,,,
JAM,JM,Jamaica,Jamaica,Central America,https://www.countryflags.io/JM/flat/64.png,,,,,,,,,,,,,,,,,,,,,,,,,,85.8720779418945,,,,,,,,,,,,,,,92.6999969482422,,,,
JOR,JO,Jordan,Jordan,Asia,https://www.countryflags.io/JO/flat/64.png,,,,,,52.1106109619141,,,,,,,,,,,,,,,,,,,,,,,,84.7139205932617,,87.0058135986328,,88.90331268310551,,,89.2077407836914,93.9334564208984,97.37200927734379,,,,,,
JPN,JP,Japan,Japan,Asia,https://www.countryflags.io/JP/flat/64.png,,,,,,,,,,,,,,,,,,,,,,,,,,,,,,,,,,,,,,,,,,,,,
KAZ,KZ,Kazakhstan,Kazakhstan,Asia,https://www.countryflags.io/KZ/flat/64.png,,,,,,,,,,,,,,,,96.1387710571289,,,,,,,,,,99.2899017333984,,,,,,,,,,99.6842880249023,99.7389907836914,,,,,,,,
KEN,KE,Kenya,Kenya,Africa,https://www.countryflags.io/KE/flat/64.png,,,,,,,,,,,,,,,,,,,,,,,,,,,77.8929824829102,,,,,,,66.8631210327148,,,,,,,74.0063171386719,,,,
KGZ,KG,Kyrgyz Republic,Kyrgyz Republic,Asia,https://www.countryflags.io/KG/flat/64.png,,,,,,,,,,,,,,,,,,,,,,,,,,98.1306304931641,,,,,,,,,,98.98120880126949,,,,,,,,,
KHM,KH,Cambodia,Cambodia,Asia,https://www.countryflags.io/KH/flat/64.png,,,,,,,,,,,,,,,,,,,,,,,,,56.9925003051758,,,,,,64.0509872436523,,,,70.8582000732422,65.93125152587889,,,,,71.78179931640629,75.0338668823242,,,
KIR,KI,Kiribati,Kiribati,Oceania,https://www.countryflags.io/KI/flat/64.png,,,,,,,,,,,,,,,,,,,,,,,,,,,,,,,,,,,,,,,,,,,,,
KNA,KN,St. Kitts and Nevis,St. Kitts and Nevis,Central America,https://www.countryflags.io/KN/flat/64.png,,,,,,,,,,,,,,,,,,,,,,,,,,,,,,,,,,,,,,,,,,,,,
KOR,KR,"Korea, Rep.",South Korea,Asia,https://www.countryflags.io/KR/flat/64.png,,,,,,,,,,,,,,,,,,,,,,,,,,,,,,,,,,,,,,,,,,,,,
KWT,KW,Kuwait,Kuwait,Asia,https://www.countryflags.io/KW/flat/64.png,,48.015209197998,,,,,59.110500335693395,,,,,68.8493728637695,,,,,,,,,,74.1487197875977,,,,,,,,,,91.0425033569336,90.8286285400391,91.5034866333008,91.7786483764648,,92.68093872070308,,94.9652481079102,94.3011627197266,,94.4700469970703,,94.8257675170898,94.90515899658199
LAO,LA,Lao PDR,Lao PDR,Asia,https://www.countryflags.io/LA/flat/64.png,,,,,,,,,,,,,,,,,,,,,,47.9023590087891,,,,,58.4607009887695,60.9025192260742,,,,63.2269897460938,,,,,,49.723079681396506,,,,79.3910369873047,,,
LBN,LB,Lebanon,Lebanon,Asia,https://www.countryflags.io/LB/flat/64.png,,,,,,,,,,,,,,,,,,,,,,,,,,,,,,,,,,85.96778106689449,,88.0870590209961,,,,,,,,,
LBR,LR,Liberia,Liberia,Africa,https://www.countryflags.io/LR/flat/64.png,,,,,,,,,,,19.302789688110398,,,,,,,,,,,,,,,,,,,,,,,27.0349102020264,,,,,,,,,,,
LBY,LY,Libya,Libya,Africa,https://www.countryflags.io/LY/flat/64.png,,,,,,,,,,,42.313549041748,,,,,,,,,,63.7000007629395,,,,,,,,,,77.8000030517578,,,,,,,,,,,,,,
LCA,LC,St. Lucia,St. Lucia,Central America,https://www.countryflags.io/LC/flat/64.png,,,,,,,,,,,,,,,,,,,,,,,,,,,,,,,,,,,,,,,,,,,,,
LIE,LI,Liechtenstein,Liechtenstein,Europe,https://www.countryflags.io/LI/flat/64.png,,,,,,,,,,,,,,,,,,,,,,,,,,,,,,,,,,,,,,,,,,,,,
LKA,LK,Sri Lanka,Sri Lanka,Asia,https://www.countryflags.io/LK/flat/64.png,,,,,,,,82.02197265625,,,,,,,,,,,,,,,,,,,,89.1357574462891,,,,,89.0913467407227,,89.0734710693359,,89.95867919921879,,,,,,91.4861068725586,90.9707412719727,
LSO,LS,Lesotho,Lesotho,Africa,https://www.countryflags.io/LS/flat/64.png,,,,,,,,,,,,,,,,,,,,,,,,,,,92.04644775390629,,,,,,,,,84.9639587402344,,,,,84.9348907470703,,,,
LTU,LT,Lithuania,Lithuania,Europe,https://www.countryflags.io/LT/flat/64.png,,,,,,,,,,,,,,,,97.7815933227539,,,,,,,,,,,,99.64794158935551,,,,,,,,,,99.8332366943359,,,,,,,
LUX,LU,Luxembourg,Luxembourg,Europe,https://www.countryflags.io/LU/flat/64.png,,,,,,,,,,,,,,,,,,,,,,,,,,,,,,,,,,,,,,,,,,,,,
LVA,LV,Latvia,Latvia,Europe,https://www.countryflags.io/LV/flat/64.png,,,,,,,,,,,,,,,,99.1887969970703,,,,,,,,,,,99.7097320556641,,,,,,,,,,,99.9079208374023,,,,,,,
MAC,MO,"Macao SAR, China",Macao,Asia,https://www.countryflags.io/MO/flat/64.png,,,,,,,,86.21588134765629,,,,,,,,,,,,,,,,,,,,87.7749710083008,,,,,90.7235870361328,,,,,93.7319107055664,,,,,95.0325698852539,,
MAF,MF,St. Martin (French part),St. Martin (French part),Central America,https://www.countryflags.io/MF/flat/64.png,,,,,,,,,,,,,,,,,,,,,,,,,,,,,,,,,,,,,,,,,,,,,
MAR,MA,Morocco,Morocco,Africa,https://www.countryflags.io/MA/flat/64.png,,,,,,,,,17.514869689941403,,,,,,,,,,,,28.7254199981689,,,,,,,,,,39.619560241699205,,,,42.5878486633301,43.9210815429688,,57.6399917602539,59.1306381225586,,,,,,
MCO,MC,Monaco,Monaco,Europe,https://www.countryflags.io/MC/flat/64.png,,,,,,,,,,,,,,,,,,,,,,,,,,,,,,,,,,,,,,,,,,,,,
MDA,MD,Moldova,Moldova,Europe,https://www.countryflags.io/MD/flat/64.png,,,,,,,,,,,,,,,,94.4444808959961,,,,,,,,,,,95.49230194091801,,,,,,,,,,,,98.9242477416992,,,,,,
MDG,MG,Madagascar,Madagascar,Africa,https://www.countryflags.io/MG/flat/64.png,,,,,,,,,,,,,,,,,,,,,,,,,,,65.2785720825195,,,,,,,,,61.6414108276367,,,68.28330230712889,,,,,,
MDV,MV,Maldives,Maldives,Asia,https://www.countryflags.io/MV/flat/64.png,,,,82.17816162109379,,,,,,,,92.3590087890625,,,,,96.1460113525391,,,,,96.4429779052734,,,,,,,,,,,98.4298477172852,,,,,,,,98.6916732788086,,,,
MEX,MX,Mexico,Mexico,Central America,https://www.countryflags.io/MX/flat/64.png,,,,,,,79.890998840332,,,,,,,,,,84.9559097290039,,,,,,,,,,88.68203735351558,,88.72863006591801,,89.6310195922852,90.2104110717773,89.8345108032227,91.3555526733398,91.45361328125,92.1162490844727,91.8534164428711,92.3382797241211,93.1792373657227,92.90393829345699,93.59133911132808,93.4854965209961,93.9685211181641,,
MHL,MH,Marshall Islands,Marshall Islands,Oceania,https://www.countryflags.io/MH/flat/64.png,,,,,,,,,,,,,,,,,,,,,,,,,,,,,,,,,,,,,,98.2029800415039,,,,,,,
MKD,MK,North Macedonia,North Macedonia,Europe,https://www.countryflags.io/MK/flat/64.png,,,,,,,,,,,,,,,,,,,,,90.9280166625977,,,,,,,,94.0560684204102,,,,,,,,,,,,96.6999969482422,,,,
MLI,ML,Mali,Mali,Africa,https://www.countryflags.io/ML/flat/64.png,,,5.7352800369262695,,,,,,,,,,,,,,,,,,,,,,11.893429756164599,,,,,15.8999996185303,,,18.1909103393555,,,,20.287929534912102,24.6367893218994,,,,22.195810317993196,,,
MLT,MT,Malta,Malta,Europe,https://www.countryflags.io/MT/flat/64.png,,,,,,,,,,,,87.2861328125,,,,,,,,,,89.2426376342773,,,,,,,,,,93.5042495727539,,,,,,94.7900390625,,,,,,,
MMR,MM,Myanmar,Myanmar,Asia,https://www.countryflags.io/MM/flat/64.png,,,,,,,,,,71.6308670043945,,,,,,,,,,,,,,,,,86.4151763916016,,,,,,,,,,,,,,,,71.8469924926758,,
MNE,ME,Montenegro,Montenegro,Europe,https://www.countryflags.io/ME/flat/64.png,,,,,,,,83.23545837402341,,,,,,,,,,97.7760467529297,,,,,,,,,,,,96.3188705444336,,,,,,,,97.5005111694336,,,,,,,
MNG,MN,Mongolia,Mongolia,Asia,https://www.countryflags.io/MN/flat/64.png,,,,,,,,,,,,,,,,,,,,,,,,,,,97.52880096435551,,,,,,,,,,98.3366317749023,,,,,,,,
MNP,MP,Northern Mariana Islands,Northern Mariana Islands,Oceania,https://www.countryflags.io/MP/flat/64.png,,,,,,,,,,,,,,,,,,,,,,,,,,,,,,,,,,,,,,,,,,,,,
MOZ,MZ,Mozambique,Mozambique,Africa,https://www.countryflags.io/MZ/flat/64.png,,,,,,,12.096529960632301,,,,,,,,,,,,,,,,,24.9641990661621,,,,,,33.193958282470696,,,,,,36.452278137206996,,,,,,43.062461853027294,,,
MRT,MR,Mauritania,Mauritania,Africa,https://www.countryflags.io/MR/flat/64.png,,,,,,,,,,,,,,,,,,,,,,,,,,,43.4173583984375,,,,,,,35.3484306335449,,,,,,,,,,,
MUS,MU,Mauritius,Mauritius,Africa,https://www.countryflags.io/MU/flat/64.png,,,,,,,,,,,,,,,,,74.660888671875,,,,,,,,,,80.5000305175781,,,,,,,,,,,86.65807342529301,88.9793472290039,89.0509414672852,90.28331756591801,90.65402221679692,90.9805526733398,,
MWI,MW,Malawi,Malawi,Africa,https://www.countryflags.io/MW/flat/64.png,,,,,,,,,,,,,,33.523021697998,,,,,,,,,,,53.9971199035645,,,,,,,,,,,,51.2519683837891,,,,55.130989074707,55.2041091918945,,,
MYS,MY,Malaysia,Malaysia,Asia,https://www.countryflags.io/MY/flat/64.png,,,,,,,61.2485008239746,,,,,,,,,,,77.283088684082,,,,,,,,,85.3542175292969,,,,,,,,,,90.7476806640625,,,,,,91.068359375,,
NAM,,Namibia,Namibia,Africa,,,,,,,,,,,,,,,,,,,73.9866027832031,,,,,,,,,,83.5403213500977,,,,,,78.3509826660156,,,,87.95105743408199,,,,,,,
NCL,NC,New Caledonia,New Caledonia,Oceania,https://www.countryflags.io/NC/flat/64.png,,,90.310791015625,,,,,,,,,,,,,92.0734405517578,,,,,,,95.46530151367192,,,,,,,,,,,,,,,,,,97.5,,,,
NER,NE,Niger,Niger,Africa,https://www.countryflags.io/NE/flat/64.png,,,,,,,,,,,,,,,,,,,,,,,,,,,,9.3993501663208,,,,15.0841398239136,,,,,,,22.551290512085,,,,,,
NGA,NG,Nigeria,Nigeria,Africa,https://www.countryflags.io/NG/flat/64.png,,,,,,,,,,,,,,,,,,43.7291984558105,,,,,,,,,,,,43.322048187255895,,,,,41.3867607116699,,,,,,,,,,
NIC,NI,Nicaragua,Nicaragua,Central America,https://www.countryflags.io/NI/flat/64.png,,,,,,,,,,,,,,,,,,,,,,,,,,,,76.6016616821289,,,,77.9160385131836,,,,,,,,,,,,,
NLD,NL,Netherlands,Netherlands,Europe,https://www.countryflags.io/NL/flat/64.png,,,,,,,,,,,,,,,,,,,,,,,,,,,,,,,,,,,,,,,,,,,,,
NOR,NO,Norway,Norway,Europe,https://www.countryflags.io/NO/flat/64.png,,,,,,,,,,,,,,,,,,,,,,,,,,,,,,,,,,,,,,,,,,,,,
NPL,NP,Nepal,Nepal,Asia,https://www.countryflags.io/NP/flat/64.png,,,,,,,,9.153120040893551,,,,,,,,,,17.381790161132802,,,,,,,,,,34.8867607116699,,,,,,,,,,48.837589263915994,,,,,,,
NRU,NR,Nauru,Nauru,Oceania,https://www.countryflags.io/NR/flat/64.png,,,,,,,,,,,,,,,,,,,,,,,,,,,,,,,,,,,,,,,,,,,,,
NZL,NZ,New Zealand,New Zealand,Oceania,https://www.countryflags.io/NZ/flat/64.png,,,,,,,,,,,,,,,,,,,,,,,,,,,,,,,,,,,,,,,,,,,,,
OMN,OM,Oman,Oman,Asia,https://www.countryflags.io/OM/flat/64.png,,,,,,,,,,,,,,,,,,,,,,,,,,,,,,73.5317077636719,,,,,80.8722610473633,,81.8032302856445,,,,88.92669677734379,86.0372085571289,90.9441604614258,93.2098007202148,
PAK,PK,Pakistan,Pakistan,Asia,https://www.countryflags.io/PK/flat/64.png,,,,,,,,14.771550178527802,,,,,,,,,,,,,,,,,29.0438404083252,,,,,,,35.3675193786621,39.6132316589355,,40.0811805725098,40.3146209716797,41.015529632568395,41.9753913879395,43.071891784668,41.9749412536621,44.283420562744105,,,,
PAN,PA,Panama,Panama,Central America,https://www.countryflags.io/PA/flat/64.png,,,,,,,88.0465316772461,,,,,,,,,,88.21485137939449,,,,,,,,,,91.2471771240234,,,,,,,,,,93.48526000976558,,,,,,,,
PER,PE,Peru,Peru,South America,https://www.countryflags.io/PE/flat/64.png,,,,,,,,73.85833740234379,,,,,,,,,,,,81.65875244140629,,,,,,,,,,,82.0626220703125,82.4543685913086,83.4548721313477,84.6468811035156,,,,,90.66883087158199,,90.4491806030273,91.2465286254883,91.1885299682617,91.2701263427734,
PHL,PH,Philippines,Philippines,Asia,https://www.countryflags.io/PH/flat/64.png,,,,,,,82.7621536254883,,,,,,,,,,93.1807174682617,,,,94.5386505126953,,,,,,92.6549072265625,,,93.5645294189453,,,,,95.8256301879883,,,,,96.78736114501949,,,,,
PLW,PW,Palau,Palau,Oceania,https://www.countryflags.io/PW/flat/64.png,,,,,,,90.5032424926758,,,,,,,,,,,,,,,,,,,,,,,,,,,,,,,,,99.5279388427734,,96.34014892578129,,,
PNG,PG,Papua New Guinea,Papua New Guinea,Oceania,https://www.countryflags.io/PG/flat/64.png,,,,,,,,,,,,,,,,,,,,,,,,,,,50.9177398681641,,,,,,,,,,57.9000015258789,,,,,,,,
POL,PL,Poland,Poland,Europe,https://www.countryflags.io/PL/flat/64.png,,,,,98.25198364257808,,,,,,,,,,98.25198364257808,,,,,,,,,,98.25198364257808,,,,,,,,,,98.25198364257808,,,,,,,,,,
PRI,PR,Puerto Rico,Puerto Rico,Central America,https://www.countryflags.io/PR/flat/64.png,,,,,,,85.850341796875,,,,,,,,,,89.73095703125,,,,,,,,,,,,,,,,,,,,92.5301513671875,,,,,,,92.39002227783199,
PRK,KP,"Korea, Dem. People’s Rep.",North Korea,Asia,https://www.countryflags.io/KP/flat/64.png,,,,,,,,,,,,,,,,,,,,,,,,,,,,,,,,,,,99.9976119995117,,,,,,,,,,
PRT,PT,Portugal,Portugal,Europe,https://www.countryflags.io/PT/flat/64.png,,,,,,,,74.6079864501953,,,,,,,,,,84.6582107543945,,,,,,,,,,,,,,,,,,,,92.8607711791992,,,,,,,
PRY,PY,Paraguay,Paraguay,South America,https://www.countryflags.io/PY/flat/64.png,,,,,,,,,75.8529815673828,,,,,,,,,,88.55870819091801,,,,,,,,,,,,,,,93.4532699584961,92.4944305419922,93.14401245117192,92.9257431030273,,93.5878524780273,94.4662628173828,93.7345504760742,94.87442016601558,93.83505249023442,,
PSE,PS,West Bank and Gaza,West Bank and Gaza,Asia,https://www.countryflags.io/PS/flat/64.png,,,,,,,,,,,,,,,,,,,,,,,,79.72662353515629,,,,,,,87.9517364501953,,89.7570037841797,90.46517944335942,90.09906005859379,91.70452880859379,92.1727981567383,92.61618041992192,93.5653762817383,94.12609100341801,94.40728759765629,94.85376739501949,95.2079086303711,,
PYF,PF,French Polynesia,French Polynesia,Oceania,https://www.countryflags.io/PF/flat/64.png,,,,,,,,,,,,,,,,,,,,,,,,,,,,,,,,,,,,,,,,,,,,,
QAT,QA,Qatar,Qatar,Asia,https://www.countryflags.io/QA/flat/64.png,,,,,,,,,,,,,72.4589462280273,,,,,,,,,,,80.8886795043945,,,,,,,88.60922241210942,,,90.4361190795898,92.663818359375,92.9101791381836,,,,91.7296295166016,92.45240020751949,,94.20703887939449,,
ROU,RO,Romania,Romania,Europe,https://www.countryflags.io/RO/flat/64.png,,,,,,,,,,,,,,,,,,,94.9826889038086,,,,,,,,,,96.2663192749023,,,,,,,,,98.20520782470699,,,,,,,
RUS,RU,Russian Federation,Russia,Europe,https://www.countryflags.io/RU/flat/64.png,,,,,,,,,,,,,,,,96.75817108154301,,,,,,,,,,,,,99.22836303710942,,,,,,,,99.6477813720703,,,,,,,,
RWA,RW,Rwanda,Rwanda,Africa,https://www.countryflags.io/RW/flat/64.png,,,,,26.573579788207997,,,,,,,,,,,,,,,,,,,,,,59.750339508056605,,,,,,,,,,61.548610687255895,,64.66448974609379,,66.1374435424805,,,,
SAU,SA,Saudi Arabia,Saudi Arabia,Asia,https://www.countryflags.io/SA/flat/64.png,,,,,,,,,,,,,,,,,,,57.2778396606445,,,,,,,,69.2911911010742,,,,76.3351593017578,,,,,,,,,91.3692474365234,,,,,
SDN,SD,Sudan,Sudan,Africa,https://www.countryflags.io/SD/flat/64.png,,,,,,,,,,,,,,,,,,,,,,,,,,,52.146400451660206,,,,,,,,46.69963073730471,,,,,,,,,,
SEN,SN,Senegal,Senegal,Africa,https://www.countryflags.io/SN/flat/64.png,,,,,,,,,,,,,,,17.8632698059082,,,,,,,,,,,,,,29.247339248657198,,,,32.987579345703104,,,38.6662483215332,,40.424919128418004,,33.5965995788574,,,,39.7985610961914,
SGP,SG,Singapore,Singapore,Asia,https://www.countryflags.io/SG/flat/64.png,,,,,,,73.9685363769531,,,,,,,,,,83.0268478393555,,,,,,,,,,88.6451797485352,,,,,,,,,,93.77481079101558,94.0683975219727,94.35958862304692,94.6419906616211,94.9113235473633,95.1906509399414,95.4478912353516,,
SLB,SB,Solomon Islands,Solomon Islands,Oceania,https://www.countryflags.io/SB/flat/64.png,,,,,,,,,,,,,,,,,,,,,,,,,,69.0,,,,,,,,,,,,,,,,,,,
SLE,SL,Sierra Leone,Sierra Leone,Africa,https://www.countryflags.io/SL/flat/64.png,,,,,,,,,,,,,,,,,,,,,,,,,,,,,,,24.1589298248291,,,,,,,,,24.856679916381804,,,,,
SLV,SV,El Salvador,El Salvador,Central America,https://www.countryflags.io/SV/flat/64.png,,,,,,,,,,,,,,,,,,,71.28053283691409,,,,,,,,,,,,,,81.0038223266602,79.6621322631836,81.3594970703125,81.8179473876953,82.3080215454102,83.01564025878909,,84.67034912109379,,86.21710205078129,86.32642364501949,86.6736373901367,
SMR,SM,San Marino,San Marino,Europe,https://www.countryflags.io/SM/flat/64.png,,,,,,,,,,,,,,,,,,,,,,,,,,,,,,,,,,,,,,,,,,,,,
SOM,SO,Somalia,Somalia,Africa,https://www.countryflags.io/SO/flat/64.png,,,,,,,,,,,,,,,,,,,,,,,,,,,,,,,,,,,,,,,,,,,,,
SRB,RS,Serbia,Serbia,Europe,https://www.countryflags.io/RS/flat/64.png,,,,,,,,,,,,,,,,,,,,,,,,,,,,,,,,,,,,,,96.7491073608398,,,,,98.22827911376949,,
SSD,SS,South Sudan,South Sudan,Africa,https://www.countryflags.io/SS/flat/64.png,,,,,,,,,,,,,,,,,,,,,,,,,,,,,,,,,,,19.1863803863525,,,,,,,,,,
STP,ST,Sao Tome and Principe,Sao Tome and Principe,Africa,https://www.countryflags.io/ST/flat/64.png,,,,,,,,42.3633804321289,,,,,,,,,,61.9204788208008,,,,,,,,,,77.9492263793945,,,,,,,60.0830307006836,,,,85.4417037963867,,,,,,
SUR,SR,Suriname,Suriname,South America,https://www.countryflags.io/SR/flat/64.png,,,,,,,,,,,,,,,,,,,,,,,,,,,,,,,87.1974411010742,,,,93.76537322998051,,94.0035400390625,,90.9979095458984,,,,,,
SVK,SK,Slovak Republic,Slovak Republic,Europe,https://www.countryflags.io/SK/flat/64.png,,,,,,,,,,,,,,,,,,,,,,,,,,,,,,,,,,,,,,,,,,,,,
SVN,SI,Slovenia,Slovenia,Europe,https://www.countryflags.io/SI/flat/64.png,,,,,,,,,,,,,,,,,,99.4537506103516,,,,,,,,,,,,,99.5999984741211,,,,,,,,,,99.5999984741211,,,,
SWE,SE,Sweden,Sweden,Europe,https://www.countryflags.io/SE/flat/64.png,,,,,,,,,,,,,,,,,,,,,,,,,,,,,,,,,,,,,,,,,,,,,
SWZ,SZ,Eswatini,Eswatini,Africa,https://www.countryflags.io/SZ/flat/64.png,,,53.665958404540994,,,,,,,,,,65.22287750244139,,,,,,,,,,,,,,80.32875061035159,,,,,,,,,,82.4475479125977,,,,,,,,
SXM,SX,Sint Maarten (Dutch part),Sint Maarten (Dutch part),Central America,https://www.countryflags.io/SX/flat/64.png,,,,,,,,,,,,,,,,,,,,,,,,,,,,,,,,,,,,,,,,,,,,,
SYC,SC,Seychelles,Seychelles,Africa,https://www.countryflags.io/SC/flat/64.png,,,,,,,,,,,,,,85.4893035888672,,,,,,,88.5866012573242,,,,,,,,92.2589797973633,,,,,,,,94.44898223876949,,,,,,,,
SYR,SY,Syrian Arab Republic,Syria,Asia,https://www.countryflags.io/SY/flat/64.png,,,,,,,,37.0591583251953,,,,,,,,,,,,,,,,,,,,,74.2404403686523,,73.6265563964844,,,,,,,,,,,,,,
TCA,TC,Turks and Caicos Islands,Turks and Caicos Islands,Central America,https://www.countryflags.io/TC/flat/64.png,,,,,,,,,,,,,,,,,,,,,,,,,,,,,,,,,,,,,,,,,,,,,
TCD,TD,Chad,Chad,Africa,https://www.countryflags.io/TD/flat/64.png,,,,,,,,,,,,,,,,,,,,4.5918297767639205,,,,,,,12.7964200973511,,,,17.9805793762207,,,,,,,,,,,13.9334096908569,13.955229759216301,,
TGO,TG,Togo,Togo,Africa,https://www.countryflags.io/TG/flat/64.png,,,,,,,,,,,,,,,,,,,,,,,,,,,38.4532890319824,,,,,,44.3766288757324,,,43.6068992614746,,47.977390289306605,,,,51.2417793273926,,,
THA,TH,Thailand,Thailand,Asia,https://www.countryflags.io/TH/flat/64.png,,,,,,,83.8933486938477,,,,,,,,,,,,,,,,,,,,90.51602172851558,,,,,91.52957153320308,,,,,96.4270477294922,,,92.2491607666016,,91.1919326782227,,,
TJK,TJ,Tajikistan,Tajikistan,Asia,https://www.countryflags.io/TJ/flat/64.png,,,,,,,,,,,,,,,,96.6417999267578,,,,,,,,,,,99.2212295532227,,,,,,,,,,,,,,99.6999969482422,,,,
TKM,TM,Turkmenistan,Turkmenistan,Asia,https://www.countryflags.io/TM/flat/64.png,,,,,,,,,,,,,,,,,,,,,,98.2617721557617,,,,,,,,,,,,,,,,,,,99.5999984741211,,,,
TLS,TL,Timor-Leste,Timor-Leste,Asia,https://www.countryflags.io/TL/flat/64.png,,,,,,,,,,,,,,,,,,,,,,,,,,,,30.0,,,,,,42.5,,,52.9589996337891,,,,,,,,
TON,TO,Tonga,Tonga,Oceania,https://www.countryflags.io/TO/flat/64.png,,,99.5255279541016,,,,,,,,,,,,,,,,,,,,98.9755477905273,,,,,,,,,,99.08251190185551,,,,,99.4342193603516,,,,,,,
TTO,TT,Trinidad and Tobago,Trinidad and Tobago,Central America,https://www.countryflags.io/TT/flat/64.png,,,,,,,93.46417236328129,,,,,,,,,,95.6617889404297,,,,,,,,,,97.0999984741211,,,,,,,,,,98.3000030517578,,,,,,,,
TUN,TN,Tunisia,Tunisia,Africa,https://www.countryflags.io/TN/flat/64.png,,,,,,,,,,,35.767570495605504,,,,,,,,,,,,,,,,,,,,65.3478622436523,,,68.50937652587889,70.9641799926758,,71.0882110595703,71.72959899902341,72.1606521606445,,72.22377014160159,,,,
TUR,TR,Turkey,Turkey,Asia,https://www.countryflags.io/TR/flat/64.png,,45.0989189147949,,,,,49.8064117431641,,,,,64.23171997070311,,,,,68.519660949707,,,,,,,,,,,,,,79.5816879272461,80.5489501953125,80.3851623535156,81.2638320922852,,85.3471603393555,88.0731735229492,90.3100967407227,91.60452270507808,92.1380767822266,92.4018173217773,92.64581298828129,93.5630111694336,,
TUV,TV,Tuvalu,Tuvalu,Oceania,https://www.countryflags.io/TV/flat/64.png,,,,,,,,,,,,,,,,,,,,,,,,,,,,,,,,,,,,,,,,,,,,,
TZA,TZ,Tanzania,Tanzania,Africa,https://www.countryflags.io/TZ/flat/64.png,,,,,,,,,,,,,,,48.088020324707,,,,,,,,,,,,,,62.1723213195801,,,,,,,,60.752620697021506,,73.34718322753909,,,73.0938262939453,,,
UGA,UG,Uganda,Uganda,Africa,https://www.countryflags.io/UG/flat/64.png,,,,,,,,,,,,,,,,,,44.826690673828104,,,,,,,,,,,58.909881591796896,,,,62.078971862793,,,,64.59145355224611,,61.970428466796896,,,,,,
UKR,UA,Ukraine,Ukraine,Europe,https://www.countryflags.io/UA/flat/64.png,,,,,,,,,,,,,,,,,,,,,,,,,,,,99.17156982421879,,,,,,,,,,,99.9581985473633,,,,,,
URY,UY,Uruguay,Uruguay,South America,https://www.countryflags.io/UY/flat/64.png,,94.3045196533203,,,,,,,,,,95.8815383911133,,,,,,,,,,,97.2709579467773,,,,,,,,,,98.08435821533199,98.2419281005859,98.4636611938477,98.53372192382808,98.4909515380859,98.61907958984379,98.66055297851558,98.6364288330078,98.80905151367192,98.86746215820308,98.84915161132808,98.9639129638672,
USA,US,United States,United States,North America,https://www.countryflags.io/US/flat/64.png,,,,,,,,,,,,,,,,,,,,,,,,,,,,,,,,,,,,,,,,,,,,,
UZB,UZ,Uzbekistan,Uzbekistan,Asia,https://www.countryflags.io/UZ/flat/64.png,,,,,,,,,,,,,,,,,,,,,,,,,,,98.13858032226558,,,,,,,,,,,,,99.9958724975586,99.9759902954102,99.97576904296879,99.9784088134766,,
VCT,VC,St. Vincent and the Grenadines,St. Vincent and the Grenadines,Central America,https://www.countryflags.io/VC/flat/64.png,95.5,,,,,,,,,,,,,,,,,,,,,,,,,,,,,,,,,,,,,,,,,,,,
VEN,VE,"Venezuela, RB","Venezuela, RB",South America,https://www.countryflags.io/VE/flat/64.png,,,,,,,,83.0046615600586,,,,,,,,,89.00485229492192,,,,,,,,,,,92.7159805297852,,,,,,94.9296417236328,,95.35040283203129,,95.0288772583008,,,,96.56006622314449,97.2137069702148,,
VGB,VG,British Virgin Islands,British Virgin Islands,Central America,https://www.countryflags.io/VG/flat/64.png,,,,,,,,,,,,,,,,,,,,,,,,,,,,,,,,,,,,,,,,,,,,,
VIR,VI,Virgin Islands (U.S.),Virgin Islands (U.S.),Central America,https://www.countryflags.io/VI/flat/64.png,,,,,,,,,,,,,,,,,,,,,,,,,,,,,,,,,,,,,,,,,,,,,
VNM,VN,Vietnam,Vietnam,Asia,https://www.countryflags.io/VN/flat/64.png,,,,,,78.1403884887695,,,,,,,,,,82.8293914794922,,,,,,,,,,86.9200820922852,86.610107421875,,,,,,,,,91.37908935546879,,,,,,,,,
VUT,VU,Vanuatu,Vanuatu,Oceania,https://www.countryflags.io/VU/flat/64.png,,,,,,47.782588958740206,,,,,53.7000007629395,,,,,,,,,,65.59999847412111,,,,,,,,,,76.1999969482422,,,,,,,,,,83.1999969482422,,,,
WSM,WS,Samoa,Samoa,Oceania,https://www.countryflags.io/WS/flat/64.png,,,,,,,,,,,,,,,,,,97.4217376708984,,,,,,,,,,,,,,,,,,,,99.0695266723633,,,,,,,
XKX,,Kosovo,Kosovo,Europe,,,,,,,,,,,,,,,,,,,,,,,,,,,,,,,,,,,,,,,,,,,,,,
YEM,YE,"Yemen, Rep.","Yemen, Rep.",Asia,https://www.countryflags.io/YE/flat/64.png,,,,,,,,,,,,,,,,,,,,,17.0595607757568,,,,,,,,,,35.0,,,,,,,,,,,,,,
ZAF,ZA,South Africa,South Africa,Africa,https://www.countryflags.io/ZA/flat/64.png,,,,,,,74.80718994140629,,,,,,,,,,,,,,,,80.9286270141602,,,,,,,,,,,87.04309844970699,,91.76815795898442,91.7139892578125,92.0478897094727,92.5862503051758,,93.07305908203129,93.4080276489258,,,
ZMB,ZM,Zambia,Zambia,Africa,https://www.countryflags.io/ZM/flat/64.png,,,,,,,,,,,,,,,,,57.3577194213867,,,,,,,,,59.802848815918,,,61.83927917480471,,,,,51.7869682312012,,,77.74664306640629,,,,,,,,
ZWE,ZW,Zimbabwe,Zimbabwe,Africa,https://www.countryflags.io/ZW/flat/64.png,,,,,,,,,71.8539276123047,,,,,,,,,,78.5170211791992,,,,,,,,,,,,,,,,,,,80.06565856933591,,,88.2838287353516,,,,
