Country Code,alpha2Code,Country Name,alias,region,flagImageUrl,1990,1997,1998,1999,2000,2001,2002,2003,2004,2005,2006,2007,2008,2009,2010,2011,2012,2013,2014,2015,2016,2017,2018
ABW,AW,Aruba,Aruba,Central America,https://www.countryflags.io/AW/flat/64.png,,,,,,,,,,,,,,,,,,,,,,,
AFG,AF,Afghanistan,Afghanistan,Asia,https://www.countryflags.io/AF/flat/64.png,3.7,,,,,,,,,27.3,27.3,27.7,27.7,27.3,27.7,27.7,27.7,27.7,27.7,27.7,27.7,27.7,27.7
AGO,AO,Angola,Angola,Africa,https://www.countryflags.io/AO/flat/64.png,14.5,9.5,15.5,15.5,15.5,15.5,15.5,15.5,15.0,15.0,15.0,15.0,37.3,38.6,38.6,38.2,34.1,34.1,36.8,36.8,36.8,38.2,30.5
ALB,AL,Albania,Albania,Europe,https://www.countryflags.io/AL/flat/64.png,28.8,,,5.2,5.2,5.7,5.7,5.7,6.4,7.1,7.1,7.1,7.1,16.4,16.4,15.7,15.7,17.9,20.0,20.7,22.9,27.9,27.9
AND,AD,Andorra,Andorra,Europe,https://www.countryflags.io/AD/flat/64.png,,7.1,7.1,7.1,7.1,14.3,14.3,14.3,14.3,28.6,28.6,28.6,25.0,35.7,35.7,50.0,50.0,50.0,50.0,39.3,32.1,32.1,32.1
ARE,AE,United Arab Emirates,UAE,Asia,https://www.countryflags.io/AE/flat/64.png,0.0,0.0,0.0,0.0,0.0,0.0,0.0,0.0,0.0,0.0,5.0,22.5,22.5,22.5,22.5,17.5,17.5,17.5,17.5,22.5,22.5,22.5,22.5
ARG,AR,Argentina,Argentina,South America,https://www.countryflags.io/AR/flat/64.png,6.3,27.6,27.6,,26.5,,30.7,30.7,33.7,36.2,35.0,40.0,40.0,38.5,38.5,37.4,37.4,,36.6,,35.8,38.9,38.9
ARM,AM,Armenia,Armenia,Europe,https://www.countryflags.io/AM/flat/64.png,35.6,6.3,6.3,3.1,3.1,3.1,3.1,4.6,5.3,5.3,5.3,9.2,8.4,9.2,9.2,8.4,10.7,10.7,10.7,10.7,10.7,18.1,18.1
ASM,AS,American Samoa,American Samoa,Oceania,https://www.countryflags.io/AS/flat/64.png,,,,,,,,,,,,,,,,,,,,,,,
ATG,AG,Antigua and Barbuda,Antigua and Barbuda,Central America,https://www.countryflags.io/AG/flat/64.png,0.0,5.3,5.3,,5.3,5.3,5.3,5.3,10.5,10.5,10.5,10.5,10.5,10.5,10.5,10.5,10.5,10.5,11.1,11.1,11.1,11.1,11.1
AUS,AU,Australia,Australia,Oceania,https://www.countryflags.io/AU/flat/64.png,6.1,15.5,15.5,22.4,23.0,,25.3,25.3,24.7,24.7,24.7,26.7,26.7,27.3,24.7,24.7,24.7,26.0,26.0,26.7,28.7,28.7,28.7
AUT,AT,Austria,Austria,Europe,https://www.countryflags.io/AT/flat/64.png,11.5,26.2,26.2,,26.8,26.8,,33.9,33.9,33.9,32.2,32.8,27.3,27.9,27.9,27.9,27.9,33.3,32.2,30.6,30.6,30.6,34.4
AZE,AZ,Azerbaijan,Azerbaijan,Europe,https://www.countryflags.io/AZ/flat/64.png,,12.0,12.0,12.0,,10.5,10.5,10.5,10.5,13.0,11.3,11.4,11.4,11.4,16.0,16.0,16.0,16.0,15.6,16.9,16.8,16.8,16.8
BDI,BI,Burundi,Burundi,Africa,https://www.countryflags.io/BI/flat/64.png,,,11.9,6.0,14.4,14.4,18.4,18.4,18.4,30.5,30.5,30.5,30.5,31.4,32.1,30.5,30.5,30.5,30.5,36.4,36.4,36.4,36.4
BEL,BE,Belgium,Belgium,Europe,https://www.countryflags.io/BE/flat/64.png,8.5,12.7,12.7,23.3,23.3,23.3,23.3,35.3,34.7,34.7,34.7,35.3,35.3,38.0,39.3,38.0,38.0,38.0,39.3,39.3,39.3,38.0,38.0
BEN,BJ,Benin,Benin,Africa,https://www.countryflags.io/BJ/flat/64.png,2.9,7.2,7.2,6.0,6.0,6.0,6.0,6.0,7.2,7.2,7.2,10.8,10.8,10.8,10.8,8.4,8.4,8.4,8.4,7.2,7.2,7.2,7.2
BFA,BF,Burkina Faso,Burkina Faso,Africa,https://www.countryflags.io/BF/flat/64.png,,9.0,8.1,8.1,8.1,8.1,11.7,11.7,11.7,11.7,11.7,15.3,15.3,15.3,15.3,15.3,15.7,15.7,18.9,9.4,9.4,11.0,11.0
BGD,BD,Bangladesh,Bangladesh,Asia,https://www.countryflags.io/BD/flat/64.png,10.3,9.1,9.1,9.1,9.1,,2.0,2.0,2.0,14.8,15.1,,6.3,18.6,18.6,19.7,19.7,19.7,19.8,20.0,20.0,20.3,20.3
BGR,BG,Bulgaria,Bulgaria,Europe,https://www.countryflags.io/BG/flat/64.png,21.0,10.8,10.8,10.8,10.8,26.2,26.2,26.2,26.3,22.1,22.1,21.7,21.7,20.8,20.8,20.8,22.9,24.6,20.0,20.4,20.4,23.8,23.8
BHR,BH,Bahrain,Bahrain,Asia,https://www.countryflags.io/BH/flat/64.png,,,,,,,,0.0,0.0,0.0,2.5,2.5,2.5,2.5,2.5,10.0,10.0,10.0,7.5,7.5,7.5,7.5,7.5
BHS,BS,"Bahamas, The","Bahamas, The",Central America,https://www.countryflags.io/BS/flat/64.png,4.1,15.0,15.0,15.0,15.0,15.0,,20.0,20.0,20.0,20.0,12.2,12.2,12.2,12.2,12.2,13.2,13.2,13.2,13.2,13.2,12.8,12.8
BIH,BA,Bosnia and Herzegovina,Bosnia and Herzegovina,Europe,https://www.countryflags.io/BA/flat/64.png,,,,,,7.1,,16.7,16.7,16.7,14.3,11.9,11.9,19.0,16.7,21.4,21.4,21.4,21.4,21.4,21.4,21.4,21.4
BLR,BY,Belarus,Belarus,Europe,https://www.countryflags.io/BY/flat/64.png,,,,,,10.3,10.3,10.3,29.4,29.1,29.1,29.1,31.8,31.8,31.8,31.8,26.6,26.6,26.6,27.3,34.5,34.5,34.5
BLZ,BZ,Belize,Belize,Central America,https://www.countryflags.io/BZ/flat/64.png,0.0,3.4,3.4,6.9,6.9,6.9,6.9,3.3,6.7,6.7,6.7,3.3,0.0,0.0,0.0,0.0,3.1,3.1,3.1,3.1,3.1,9.4,9.4
BMU,BM,Bermuda,Bermuda,Central America,https://www.countryflags.io/BM/flat/64.png,,,,,,,,,,,,,,,,,,,,,,,
BOL,BO,Bolivia,Bolivia,South America,https://www.countryflags.io/BO/flat/64.png,9.2,,,11.5,11.5,11.5,18.5,18.5,19.2,16.9,16.9,16.9,16.9,22.3,25.4,25.4,25.4,25.4,53.1,53.1,53.1,53.1,53.1
BRA,BR,Brazil,Brazil,South America,https://www.countryflags.io/BR/flat/64.png,5.3,6.6,6.6,5.7,5.7,6.8,6.2,8.6,8.6,8.6,8.8,9.0,9.0,8.8,8.6,8.6,8.6,8.6,9.9,9.9,9.9,10.7,10.7
BRB,BB,Barbados,Barbados,Central America,https://www.countryflags.io/BB/flat/64.png,3.7,10.7,10.7,10.7,10.7,10.7,10.7,13.3,13.3,13.3,13.3,13.3,10.0,10.0,10.0,10.0,10.0,16.7,16.7,16.7,16.7,16.7,20.0
BRN,BN,Brunei Darussalam,Brunei Darussalam,Asia,https://www.countryflags.io/BN/flat/64.png,,,,,,,,,,,,,,,,,,,,,6.5,9.1,9.1
BTN,BT,Bhutan,Bhutan,Asia,https://www.countryflags.io/BT/flat/64.png,2.0,2.0,2.0,2.0,9.3,9.3,9.3,9.3,9.2,9.3,2.7,2.7,8.5,8.5,8.5,8.5,8.5,6.4,8.5,8.5,8.5,8.5,8.5
BWA,BW,Botswana,Botswana,Africa,https://www.countryflags.io/BW/flat/64.png,5.0,8.5,8.5,,17.0,17.0,17.0,17.0,11.1,11.1,11.1,11.1,11.1,7.9,7.9,7.9,7.9,7.9,9.5,9.5,9.5,9.5,9.5
CAF,CF,Central African Republic,Central African Republic,Africa,https://www.countryflags.io/CF/flat/64.png,3.8,3.5,3.5,7.3,7.3,7.3,7.3,,,10.5,10.5,10.5,10.5,9.6,9.6,12.5,12.5,,,,7.2,8.6,8.6
CAN,CA,Canada,Canada,North America,https://www.countryflags.io/CA/flat/64.png,13.3,20.6,20.6,20.6,,20.6,20.6,20.6,21.1,21.1,20.8,21.3,22.1,22.1,22.1,24.8,24.7,24.7,25.1,26.0,26.0,26.3,27.0
CHE,CH,Switzerland,Switzerland,Europe,https://www.countryflags.io/CH/flat/64.png,14.0,21.0,21.0,22.5,23.0,23.0,23.0,25.0,25.0,25.0,25.0,28.5,28.5,29.0,29.0,28.5,29.0,29.0,31.0,32.0,32.0,32.5,32.5
CHL,CL,Chile,Chile,South America,https://www.countryflags.io/CL/flat/64.png,,7.5,10.8,10.8,10.8,10.8,12.5,12.5,12.5,15.0,15.0,15.0,15.0,14.2,14.2,14.2,14.2,14.2,15.8,15.8,15.8,15.8,22.6
CHN,CN,China,China,Asia,https://www.countryflags.io/CN/flat/64.png,21.3,,21.8,21.8,21.8,21.8,21.8,20.2,20.2,20.3,20.3,20.6,21.3,21.3,21.3,21.3,21.3,23.4,23.4,23.6,23.6,24.2,24.9
CIV,CI,Cote d'Ivoire,Cote d'Ivoire,Africa,https://www.countryflags.io/CI/flat/64.png,5.7,8.0,8.0,8.0,,8.5,8.5,8.5,8.5,8.5,8.5,8.9,8.9,8.9,8.9,11.0,10.4,10.4,9.4,9.2,9.2,10.6,10.6
CMR,CM,Cameroon,Cameroon,Africa,https://www.countryflags.io/CM/flat/64.png,14.4,5.6,5.6,5.6,5.6,5.6,8.9,8.9,8.9,8.9,8.9,13.9,13.9,13.9,13.9,13.9,13.9,31.1,31.1,31.1,31.1,31.1,31.1
COD,CD,"Congo, Dem. Rep.","Congo, Dem. Rep.",Africa,https://www.countryflags.io/CD/flat/64.png,5.4,,,,,,,,12.0,12.0,8.4,8.4,8.4,8.4,8.4,,8.9,8.9,10.6,8.9,8.9,8.9,8.9
COG,CG,"Congo, Rep.","Congo, Rep.",Africa,https://www.countryflags.io/CG/flat/64.png,14.3,,12.0,12.0,12.0,12.0,,8.5,8.5,8.5,8.5,7.3,7.3,7.3,7.3,7.3,7.4,7.4,7.4,7.4,7.4,11.3,11.3
COL,CO,Colombia,Colombia,South America,https://www.countryflags.io/CO/flat/64.png,4.5,11.7,,11.8,11.8,11.8,12.0,12.0,12.0,12.1,8.4,8.4,8.4,8.4,12.7,12.1,12.1,12.1,19.9,19.9,19.9,18.7,18.1
COM,KM,Comoros,Comoros,Africa,https://www.countryflags.io/KM/flat/64.png,0.0,0.0,0.0,,,,,,3.0,3.0,3.0,3.0,3.0,0.0,3.0,3.0,3.0,3.0,3.0,3.0,3.0,6.1,6.1
CPV,CV,Cabo Verde,Cabo Verde,Africa,https://www.countryflags.io/CV/flat/64.png,12.0,11.1,11.1,11.1,11.1,11.1,11.1,11.1,11.1,11.1,15.3,18.1,18.1,18.1,18.1,20.8,20.8,20.8,20.8,20.8,23.6,23.6,23.6
CRI,CR,Costa Rica,Costa Rica,Central America,https://www.countryflags.io/CR/flat/64.png,10.5,15.8,19.3,19.3,19.3,19.3,35.1,35.1,35.1,35.1,38.6,36.8,36.8,36.8,38.6,38.6,38.6,38.6,33.3,33.3,33.3,35.1,45.6
CUB,CU,Cuba,Cuba,Central America,https://www.countryflags.io/CU/flat/64.png,33.9,22.8,27.6,27.6,27.6,27.6,27.6,36.0,36.0,36.0,36.0,36.0,43.2,43.2,43.2,45.2,45.2,48.9,48.9,48.9,48.9,48.9,53.2
CUW,CW,Curacao,Curacao,Central America,https://www.countryflags.io/CW/flat/64.png,,,,,,,,,,,,,,,,,,,,,,,
CYM,KY,Cayman Islands,Cayman Islands,Central America,https://www.countryflags.io/KY/flat/64.png,,,,,,,,,,,,,,,,,,,,,,,
CYP,CY,Cyprus,Cyprus,Europe,https://www.countryflags.io/CY/flat/64.png,1.8,5.4,5.4,5.4,7.1,10.7,10.7,10.7,16.1,16.1,14.3,14.3,14.3,12.5,12.5,10.7,10.7,10.7,12.5,12.5,17.9,17.9,17.9
CZE,CZ,Czech Republic,Czech Republic,Europe,https://www.countryflags.io/CZ/flat/64.png,,15.0,15.0,15.0,15.0,15.0,17.0,17.0,17.0,17.0,15.5,15.5,15.5,15.5,22.0,22.0,22.0,19.5,19.5,20.0,20.0,20.0,22.0
DEU,DE,Germany,Germany,Europe,https://www.countryflags.io/DE/flat/64.png,,26.2,26.2,30.9,30.9,31.1,32.2,32.2,32.8,31.8,31.6,31.6,32.2,32.8,32.8,32.9,32.9,36.5,36.5,36.5,36.5,37.0,30.7
DJI,DJ,Djibouti,Djibouti,Africa,https://www.countryflags.io/DJ/flat/64.png,0.0,,0.0,0.0,0.0,0.0,0.0,10.8,10.8,10.8,10.8,13.8,13.8,13.8,13.8,13.8,13.8,12.7,12.7,12.7,12.7,10.8,26.2
DMA,DM,Dominica,Dominica,Central America,https://www.countryflags.io/DM/flat/64.png,10.0,9.4,9.4,9.4,,18.8,18.8,18.8,19.4,12.9,12.9,16.1,18.8,14.3,12.5,12.5,12.5,12.5,12.9,21.9,21.9,25.0,25.0
DNK,DK,Denmark,Denmark,Europe,https://www.countryflags.io/DK/flat/64.png,30.7,33.0,37.4,37.4,37.4,,38.0,38.0,38.0,36.9,36.9,38.0,38.0,38.0,38.0,39.1,39.1,39.1,39.1,37.4,37.4,37.4,37.4
DOM,DO,Dominican Republic,Dominican Republic,Central America,https://www.countryflags.io/DO/flat/64.png,7.5,11.7,16.1,16.1,16.1,16.1,17.3,17.3,17.3,17.3,19.7,19.7,19.7,19.7,20.8,20.8,20.8,20.8,20.8,20.8,26.8,26.8,26.8
DZA,DZ,Algeria,Algeria,Africa,https://www.countryflags.io/DZ/flat/64.png,2.4,3.2,3.2,3.2,3.4,3.4,6.2,6.2,6.2,6.2,6.2,7.7,7.7,7.7,7.7,8.0,31.6,31.6,31.6,31.6,31.6,25.8,25.8
ECU,EC,Ecuador,Ecuador,South America,https://www.countryflags.io/EC/flat/64.png,4.5,3.7,17.4,17.4,14.6,14.6,,16.0,16.0,16.0,25.0,25.0,25.0,32.3,32.3,32.3,32.3,38.7,41.6,41.6,41.6,38.0,38.0
EGY,EG,"Egypt, Arab Rep.",Egypt,Africa,https://www.countryflags.io/EG/flat/64.png,3.9,2.0,2.0,2.0,2.0,2.4,2.4,2.4,2.9,2.0,2.0,1.8,1.8,1.8,12.7,2.0,2.0,,,,14.9,14.9,14.9
ERI,ER,Eritrea,Eritrea,Africa,https://www.countryflags.io/ER/flat/64.png,,21.0,21.0,14.7,14.7,14.7,22.0,22.0,22.0,22.0,22.0,22.0,22.0,22.0,22.0,22.0,22.0,22.0,22.0,22.0,22.0,22.0,22.0
ESP,ES,Spain,Spain,Europe,https://www.countryflags.io/ES/flat/64.png,14.6,24.7,24.7,21.6,28.3,28.3,28.3,28.3,36.0,36.0,36.0,36.6,36.3,36.6,36.6,36.0,36.0,36.0,39.7,41.1,39.1,39.1,39.1
EST,EE,Estonia,Estonia,Europe,https://www.countryflags.io/EE/flat/64.png,,10.9,10.9,17.8,17.8,17.8,17.8,18.8,18.8,18.8,18.8,20.8,20.8,22.8,22.8,19.8,20.8,20.8,19.0,23.8,23.8,26.7,26.7
ETH,ET,Ethiopia,Ethiopia,Africa,https://www.countryflags.io/ET/flat/64.png,,2.0,2.0,2.0,7.7,7.7,7.7,7.7,7.7,21.4,21.9,21.9,21.9,21.9,27.8,27.8,27.8,27.8,27.8,38.8,38.8,38.8,38.8
FIN,FI,Finland,Finland,Europe,https://www.countryflags.io/FI/flat/64.png,31.5,33.5,33.5,37.0,36.5,36.5,36.5,37.5,37.5,37.5,38.0,41.5,41.5,40.0,40.0,42.5,42.5,42.5,42.5,41.5,41.5,42.0,42.0
FJI,FJ,Fiji,Fiji,Oceania,https://www.countryflags.io/FJ/flat/64.png,,4.3,4.3,11.3,,5.7,5.7,5.7,8.5,8.5,,,,,,,,,14.0,16.0,16.0,16.0,16.0
FRA,FR,France,France,Europe,https://www.countryflags.io/FR/flat/64.png,6.9,10.9,10.9,10.9,10.9,10.9,12.1,12.2,12.2,12.2,12.2,18.2,18.2,18.9,18.9,18.9,26.9,26.9,26.2,26.2,26.2,39.0,39.6
FRO,FO,Faroe Islands,Faroe Islands,Europe,https://www.countryflags.io/FO/flat/64.png,,,,,,,,,,,,,,,,,,,,,,,
FSM,FM,"Micronesia, Fed. Sts.","Micronesia, Fed. Sts.",Oceania,https://www.countryflags.io/FM/flat/64.png,,0.0,0.0,0.0,0.0,0.0,0.0,0.0,0.0,0.0,0.0,0.0,0.0,0.0,0.0,0.0,0.0,0.0,0.0,0.0,0.0,0.0,0.0
GAB,GA,Gabon,Gabon,Africa,https://www.countryflags.io/GA/flat/64.png,13.3,8.3,8.3,8.3,9.2,9.2,9.2,9.2,9.2,9.2,12.5,16.7,16.7,14.7,14.7,14.2,15.8,15.8,15.0,14.2,14.2,17.1,17.1
GBR,GB,United Kingdom,United Kingdom,Europe,https://www.countryflags.io/GB/flat/64.png,6.3,18.2,18.2,18.4,18.4,17.9,17.9,17.9,18.1,19.7,19.7,19.5,19.5,19.5,22.0,22.3,22.5,22.5,22.6,29.4,29.6,32.0,32.2
GEO,GE,Georgia,Georgia,Europe,https://www.countryflags.io/GE/flat/64.png,,6.9,6.9,,7.2,7.2,7.2,7.2,9.4,9.4,9.4,9.4,6.0,5.1,6.5,6.6,12.0,12.0,12.0,11.3,,16.0,16.0
GHA,GH,Ghana,Ghana,Africa,https://www.countryflags.io/GH/flat/64.png,,9.0,9.0,9.0,,9.0,9.0,9.0,10.9,10.9,10.9,10.9,7.9,8.3,8.3,8.3,,10.9,10.9,10.9,10.9,12.7,12.7
GIB,GI,Gibraltar,Gibraltar,Europe,https://www.countryflags.io/GI/flat/64.png,,,,,,,,,,,,,,,,,,,,,,,
GIN,GN,Guinea,Guinea,Africa,https://www.countryflags.io/GN/flat/64.png,,7.0,8.8,8.8,8.8,8.8,,19.3,19.3,19.3,19.3,19.3,,,,,,,21.9,21.9,21.9,21.9,21.9
GMB,GM,"Gambia, The","Gambia, The",Africa,https://www.countryflags.io/GM/flat/64.png,7.8,2.0,2.0,2.0,2.0,2.0,5.7,13.2,13.2,13.2,13.2,9.4,9.4,7.5,7.5,7.5,7.5,7.5,9.4,9.4,9.4,10.3,10.3
GNB,GW,Guinea-Bissau,Guinea-Bissau,Africa,https://www.countryflags.io/GW/flat/64.png,20.0,10.0,10.0,,7.8,7.8,7.8,,14.0,14.0,14.0,14.0,10.0,10.0,10.0,10.0,14.0,14.0,13.7,13.7,13.7,13.7,13.7
GNQ,GQ,Equatorial Guinea,Equatorial Guinea,Africa,https://www.countryflags.io/GQ/flat/64.png,13.3,8.8,8.8,5.0,5.0,5.0,5.0,5.0,18.0,18.0,18.0,18.0,6.0,10.0,10.0,10.0,10.0,12.1,24.0,24.0,24.0,24.0,20.0
GRC,GR,Greece,Greece,Europe,https://www.countryflags.io/GR/flat/64.png,6.7,6.3,6.3,6.3,8.7,8.7,8.7,8.7,14.0,13.0,13.0,14.7,14.7,17.3,17.3,18.7,21.0,21.0,21.0,19.7,19.7,18.3,18.7
GRD,GD,Grenada,Grenada,Central America,https://www.countryflags.io/GD/flat/64.png,,20.0,20.0,,26.7,26.7,26.7,26.7,26.7,26.7,26.7,26.7,13.3,13.3,13.3,13.3,13.3,33.3,33.3,33.3,33.3,33.3,46.7
GRL,GL,Greenland,Greenland,Europe,https://www.countryflags.io/GL/flat/64.png,,,,,,,,,,,,,,,,,,,,,,,
GTM,GT,Guatemala,Guatemala,Central America,https://www.countryflags.io/GT/flat/64.png,7.0,12.5,12.5,7.1,8.8,8.8,8.8,8.2,8.2,8.2,8.2,12.0,12.0,12.0,12.0,13.3,13.3,13.3,13.3,13.9,13.9,12.7,12.7
GUM,GU,Guam,Guam,Oceania,https://www.countryflags.io/GU/flat/64.png,,,,,,,,,,,,,,,,,,,,,,,
GUY,GY,Guyana,Guyana,South America,https://www.countryflags.io/GY/flat/64.png,36.9,,,18.5,18.5,18.3,20.0,20.0,30.8,30.8,29.0,29.0,30.0,30.0,30.0,31.3,31.3,31.3,31.3,30.4,30.4,31.9,31.9
HKG,HK,"Hong Kong SAR, China",Hong Kong,Asia,https://www.countryflags.io/HK/flat/64.png,,,,,,,,,,,,,,,,,,,,,,,
HND,HN,Honduras,Honduras,Central America,https://www.countryflags.io/HN/flat/64.png,10.2,,9.4,9.4,9.4,9.4,5.5,5.5,5.5,23.4,23.4,23.4,23.4,18.0,18.0,19.5,19.5,19.5,25.8,25.8,25.8,25.8,21.1
HRV,HR,Croatia,Croatia,Europe,https://www.countryflags.io/HR/flat/64.png,,7.9,7.9,7.9,20.5,20.5,20.5,,21.7,21.7,21.7,20.9,20.9,23.5,23.5,23.8,23.8,23.8,23.8,15.2,12.6,18.5,18.5
HTI,HT,Haiti,Haiti,Central America,https://www.countryflags.io/HT/flat/64.png,,3.6,3.6,3.6,,3.6,3.6,3.6,3.6,3.6,2.0,4.1,4.1,4.1,11.1,4.2,4.2,4.2,4.2,4.2,0.0,2.5,2.5
HUN,HU,Hungary,Hungary,Europe,https://www.countryflags.io/HU/flat/64.png,20.7,11.4,8.3,8.3,8.3,8.3,9.1,9.8,9.1,9.1,10.4,11.1,11.1,11.1,9.1,8.8,8.8,8.8,10.1,10.1,10.1,10.1,12.6
IDN,ID,Indonesia,Indonesia,Asia,https://www.countryflags.io/ID/flat/64.png,12.4,11.4,11.4,,8.0,8.0,8.0,8.0,11.3,11.3,11.3,11.6,11.6,17.9,18.0,18.2,18.6,18.6,16.9,17.1,17.1,19.8,19.8
IMN,IM,Isle of Man,Isle of Man,Europe,https://www.countryflags.io/IM/flat/64.png,3.75092630712227,3.53378684807256,3.96341463414634,3.6199460916442,3.8955613577023502,4.25410928476233,5.08583055863855,5.817950581395349,5.837411207576951,6.3554078014184405,8.38098360655738,8.49374255065554,8.479236276849639,8.411442193087009,9.01106593087424,8.93842010771993,,,,,,,
IND,IN,India,India,Asia,https://www.countryflags.io/IN/flat/64.png,5.0,7.2,8.1,8.4,9.0,8.8,8.8,8.8,8.3,8.3,8.3,9.1,9.1,10.8,10.8,11.0,11.0,11.0,11.4,12.0,12.0,11.8,11.8
IRL,IE,Ireland,Ireland,Europe,https://www.countryflags.io/IE/flat/64.png,7.8,12.0,12.0,12.0,12.0,12.0,13.3,13.3,13.3,13.3,13.3,13.3,13.3,13.9,13.9,15.1,15.1,15.7,15.7,16.3,22.2,22.2,22.2
IRN,IR,"Iran, Islamic Rep.",Iran,Asia,https://www.countryflags.io/IR/flat/64.png,1.5,4.9,4.9,4.9,3.4,3.4,4.1,4.1,4.1,4.1,4.1,4.1,2.8,2.8,2.8,2.8,3.1,3.1,3.1,3.1,5.9,5.9,5.9
IRQ,IQ,Iraq,Iraq,Asia,https://www.countryflags.io/IQ/flat/64.png,10.8,6.4,6.4,6.4,7.6,7.6,7.6,,,,25.5,25.5,25.5,25.5,25.2,25.2,25.2,25.2,25.3,26.5,26.5,25.3,25.5
ISL,IS,Iceland,Iceland,Europe,https://www.countryflags.io/IS/flat/64.png,20.6,25.4,25.4,34.9,34.9,34.9,34.9,30.2,30.2,33.3,33.3,33.3,33.3,42.9,42.9,39.7,39.7,39.7,39.7,41.3,47.6,47.6,38.1
ISR,IL,Israel,Israel,Asia,https://www.countryflags.io/IL/flat/64.png,6.7,7.5,7.5,11.7,12.5,13.3,14.2,15.0,15.0,15.0,14.2,14.2,14.2,18.3,19.2,20.0,20.0,22.5,22.5,26.7,26.7,27.5,27.5
ITA,IT,Italy,Italy,Europe,https://www.countryflags.io/IT/flat/64.png,12.9,11.1,11.1,11.1,11.1,9.8,9.8,11.5,11.5,11.5,17.3,17.3,21.3,21.3,21.3,21.6,21.4,31.4,31.4,31.0,31.0,31.0,35.7
JAM,JM,Jamaica,Jamaica,Central America,https://www.countryflags.io/JM/flat/64.png,5.0,11.7,13.6,13.3,13.3,13.3,,11.7,11.7,11.7,11.7,13.3,13.3,13.3,13.3,12.7,12.7,12.7,12.7,12.7,17.5,17.5,17.5
JOR,JO,Jordan,Jordan,Asia,https://www.countryflags.io/JO/flat/64.png,0.0,0.0,0.0,0.0,0.0,1.3,1.3,5.5,5.5,5.5,5.5,6.4,6.4,6.4,10.8,10.8,10.8,12.2,12.0,12.0,15.4,15.4,15.4
JPN,JP,Japan,Japan,Asia,https://www.countryflags.io/JP/flat/64.png,1.4,4.6,4.6,4.6,7.3,7.3,7.3,7.1,7.1,9.0,9.4,9.4,9.4,11.3,11.3,10.8,7.9,8.1,8.1,9.5,9.5,9.3,10.1
KAZ,KZ,Kazakhstan,Kazakhstan,Asia,https://www.countryflags.io/KZ/flat/64.png,,13.4,13.4,10.8,10.4,10.4,10.4,10.4,10.4,10.4,10.4,15.9,15.9,17.8,17.8,17.8,24.3,24.3,25.2,26.2,27.1,27.1,27.1
KEN,KE,Kenya,Kenya,Africa,https://www.countryflags.io/KE/flat/64.png,1.1,3.0,3.6,3.6,3.6,3.6,3.6,7.1,7.1,7.1,7.3,7.2,9.8,9.8,9.8,9.8,9.8,18.6,19.1,19.7,19.7,21.8,21.8
KGZ,KG,Kyrgyz Republic,Kyrgyz Republic,Asia,https://www.countryflags.io/KG/flat/64.png,,1.4,1.4,1.4,2.3,10.0,10.0,10.0,10.0,0.0,0.0,25.6,25.6,25.6,23.3,23.3,23.3,23.3,23.3,19.2,19.2,19.2,19.2
KHM,KH,Cambodia,Cambodia,Asia,https://www.countryflags.io/KH/flat/64.png,,5.8,5.8,8.2,7.4,7.4,7.4,9.8,9.8,9.8,9.8,19.5,16.3,21.1,21.1,20.3,20.3,20.3,20.3,20.3,20.3,20.3,20.0
KIR,KI,Kiribati,Kiribati,Oceania,https://www.countryflags.io/KI/flat/64.png,0.0,0.0,0.0,4.9,4.9,4.8,4.8,,4.8,4.8,7.1,4.3,4.3,4.3,4.3,8.7,8.7,8.7,8.7,8.7,6.5,6.5,6.5
KNA,KN,St. Kitts and Nevis,St. Kitts and Nevis,Central America,https://www.countryflags.io/KN/flat/64.png,6.7,13.3,13.3,13.3,13.3,13.3,13.3,13.3,0.0,0.0,0.0,6.7,6.7,6.7,6.7,6.7,6.7,6.7,6.7,13.3,13.3,13.3,13.3
KOR,KR,"Korea, Rep.",South Korea,Asia,https://www.countryflags.io/KR/flat/64.png,2.0,3.0,3.7,3.7,5.9,5.9,5.9,5.9,13.0,13.4,13.4,14.4,13.7,14.7,14.7,14.7,15.7,15.7,16.3,16.3,17.0,17.0,17.0
KWT,KW,Kuwait,Kuwait,Asia,https://www.countryflags.io/KW/flat/64.png,,0.0,0.0,0.0,0.0,0.0,0.0,0.0,0.0,1.5,1.5,1.5,3.1,7.7,7.7,7.7,6.2,6.2,1.5,1.5,1.5,3.1,3.1
LAO,LA,Lao PDR,Lao PDR,Asia,https://www.countryflags.io/LA/flat/64.png,6.3,,21.2,21.2,21.2,21.2,22.9,22.9,22.9,22.9,25.2,25.2,25.2,25.2,25.2,25.0,25.0,25.0,25.0,25.0,27.5,27.5,27.5
LBN,LB,Lebanon,Lebanon,Asia,https://www.countryflags.io/LB/flat/64.png,0.0,2.3,2.3,2.3,2.3,2.3,2.3,2.3,2.3,4.7,4.7,4.7,4.7,3.1,3.1,3.1,3.1,3.1,3.1,3.1,3.1,3.1,4.7
LBR,LR,Liberia,Liberia,Africa,https://www.countryflags.io/LR/flat/64.png,,,,,7.8,7.8,7.8,7.8,5.3,12.5,12.5,12.5,12.5,12.5,12.5,9.6,11.0,11.0,11.0,11.0,11.0,12.3,12.3
LBY,LY,Libya,Libya,Africa,https://www.countryflags.io/LY/flat/64.png,,,,,,,,,,4.7,7.7,7.7,7.7,7.7,7.7,,16.5,16.5,16.0,16.0,16.0,16.0,16.0
LCA,LC,St. Lucia,St. Lucia,Central America,https://www.countryflags.io/LC/flat/64.png,0.0,11.8,11.8,11.1,11.1,,11.1,11.1,11.1,11.1,0.0,11.1,11.1,11.1,11.1,16.7,16.7,16.7,16.7,16.7,16.7,16.7,16.7
LIE,LI,Liechtenstein,Liechtenstein,Europe,https://www.countryflags.io/LI/flat/64.png,4.0,4.0,4.0,4.0,4.0,12.0,12.0,12.0,12.0,24.0,24.0,24.0,24.0,24.0,24.0,24.0,24.0,20.0,20.0,20.0,20.0,12.0,12.0
LKA,LK,Sri Lanka,Sri Lanka,Asia,https://www.countryflags.io/LK/flat/64.png,4.9,5.3,5.3,4.9,,,4.4,4.4,4.9,4.9,4.9,5.8,5.8,5.8,5.3,5.8,5.8,5.8,5.8,4.9,5.8,5.8,5.8
LSO,LS,Lesotho,Lesotho,Africa,https://www.countryflags.io/LS/flat/64.png,,4.6,3.8,3.8,3.8,3.8,,11.7,11.7,11.7,11.7,23.5,25.0,24.2,24.2,24.2,26.7,26.7,26.7,25.0,25.0,22.9,22.1
LTU,LT,Lithuania,Lithuania,Europe,https://www.countryflags.io/LT/flat/64.png,,17.5,17.5,17.5,10.6,10.6,10.6,10.6,22.0,22.0,24.8,22.7,17.7,19.1,19.1,19.1,24.5,24.1,24.1,23.4,21.3,21.3,21.3
LUX,LU,Luxembourg,Luxembourg,Europe,https://www.countryflags.io/LU/flat/64.png,13.3,20.0,20.0,16.7,16.7,16.7,16.7,16.7,23.3,23.3,23.3,23.3,23.3,20.0,20.0,25.0,21.7,23.3,28.3,28.3,28.3,28.3,28.3
LVA,LV,Latvia,Latvia,Europe,https://www.countryflags.io/LV/flat/64.png,,9.0,9.0,17.0,17.0,17.0,18.0,21.0,21.0,21.0,19.0,20.0,20.0,22.0,20.0,23.0,23.0,23.0,18.0,18.0,18.0,16.0,16.0
MAC,MO,"Macao SAR, China",Macao,Asia,https://www.countryflags.io/MO/flat/64.png,,,,,,,,,,,,,,,,,,,,,,,
MAF,MF,St. Martin (French part),St. Martin (French part),Central America,https://www.countryflags.io/MF/flat/64.png,,,,,,,,,,,,,,,,,,,,,,,
MAR,MA,Morocco,Morocco,Africa,https://www.countryflags.io/MA/flat/64.png,0.0,0.6,0.6,0.6,0.6,0.6,10.8,10.8,10.8,10.8,10.8,10.5,10.5,10.5,10.5,17.0,17.0,17.0,17.0,17.0,20.5,20.5,20.5
MCO,MC,Monaco,Monaco,Europe,https://www.countryflags.io/MC/flat/64.png,11.1,5.6,22.2,22.2,22.2,22.2,22.2,20.8,20.8,20.8,20.8,20.8,25.0,26.1,26.1,19.0,19.0,20.8,20.8,20.8,20.8,20.8,33.3
MDA,MD,Moldova,Moldova,Europe,https://www.countryflags.io/MD/flat/64.png,,4.8,,8.9,7.9,12.9,12.9,12.9,15.8,21.8,21.8,21.8,21.8,23.8,18.8,19.8,19.8,19.8,17.8,21.8,21.8,22.8,22.8
MDG,MG,Madagascar,Madagascar,Africa,https://www.countryflags.io/MG/flat/64.png,6.5,3.7,,8.0,8.0,8.0,,3.8,6.9,6.9,6.9,7.9,7.9,,12.5,12.5,17.5,17.5,20.5,20.5,20.5,19.2,19.2
MDV,MV,Maldives,Maldives,Asia,https://www.countryflags.io/MV/flat/64.png,6.3,6.3,6.3,,6.0,6.0,6.0,6.0,6.0,12.0,12.0,12.0,12.0,6.5,6.5,6.5,6.5,6.5,5.9,5.9,5.9,5.9,5.9
MEX,MX,Mexico,Mexico,Central America,https://www.countryflags.io/MX/flat/64.png,12.0,14.2,17.4,18.2,16.0,16.0,16.0,22.6,22.6,24.2,22.6,23.2,23.2,27.6,26.2,26.2,36.8,36.8,37.4,42.4,42.4,42.6,48.2
MHL,MH,Marshall Islands,Marshall Islands,Oceania,https://www.countryflags.io/MH/flat/64.png,,,,,3.0,3.0,3.0,3.0,3.0,3.0,3.0,3.0,3.0,3.0,3.0,3.0,3.0,3.0,3.0,9.1,9.1,9.1,9.1
MKD,MK,North Macedonia,North Macedonia,Europe,https://www.countryflags.io/MK/flat/64.png,,3.3,3.3,7.5,6.7,6.7,17.5,18.3,19.2,19.2,28.3,29.2,31.7,32.5,32.5,30.9,32.5,34.1,33.3,33.3,33.3,34.2,38.3
MLI,ML,Mali,Mali,Africa,https://www.countryflags.io/ML/flat/64.png,,12.2,12.2,12.2,12.2,12.2,10.2,10.2,10.2,10.2,10.2,10.2,10.2,10.2,10.2,10.2,10.2,10.2,9.5,8.8,8.8,8.8,8.8
MLT,MT,Malta,Malta,Europe,https://www.countryflags.io/MT/flat/64.png,2.9,5.8,5.8,9.2,9.2,9.2,9.2,7.7,9.2,9.2,9.2,9.2,8.7,8.7,8.7,8.7,8.7,14.3,14.3,12.9,12.9,11.9,11.9
MMR,MM,Myanmar,Myanmar,Asia,https://www.countryflags.io/MM/flat/64.png,,,,,,,,,,,,,,,4.3,3.5,6.0,6.0,5.6,12.7,9.9,10.2,10.2
MNE,ME,Montenegro,Montenegro,Europe,https://www.countryflags.io/ME/flat/64.png,,,,,,,,,,,8.6,11.1,11.1,11.1,11.1,12.3,17.3,16.0,17.3,17.3,23.5,23.5,23.5
MNG,MN,Mongolia,Mongolia,Asia,https://www.countryflags.io/MN/flat/64.png,24.9,7.9,7.9,7.9,10.5,10.5,10.5,10.5,6.8,6.7,6.6,6.6,4.2,3.9,3.9,3.9,14.9,14.9,14.9,14.5,17.1,17.1,17.1
MNP,MP,Northern Mariana Islands,Northern Mariana Islands,Oceania,https://www.countryflags.io/MP/flat/64.png,,,,,,,,,,,,,,,,,,,,,,,
MOZ,MZ,Mozambique,Mozambique,Africa,https://www.countryflags.io/MZ/flat/64.png,15.7,25.2,25.2,,30.0,30.0,30.0,30.0,34.8,34.8,34.8,34.8,34.8,39.2,39.2,39.2,39.2,39.2,,39.6,39.6,39.6,39.6
MRT,MR,Mauritania,Mauritania,Africa,https://www.countryflags.io/MR/flat/64.png,,1.3,3.8,3.8,3.8,,,3.7,3.7,,17.9,22.1,22.1,22.1,22.1,22.1,22.1,22.1,25.2,25.2,25.2,25.2,20.3
MUS,MU,Mauritius,Mauritius,Africa,https://www.countryflags.io/MU/flat/64.png,7.1,7.6,7.6,7.6,5.7,5.7,5.7,5.7,5.7,17.1,17.1,17.1,17.1,17.1,18.8,18.8,18.8,18.8,18.8,11.6,11.6,11.6,11.6
MWI,MW,Malawi,Malawi,Africa,https://www.countryflags.io/MW/flat/64.png,9.8,5.6,5.6,8.3,9.3,9.3,9.3,9.3,14.0,13.6,13.6,13.0,13.0,20.8,20.8,22.3,22.3,22.3,16.7,16.7,16.7,16.7,16.7
MYS,MY,Malaysia,Malaysia,Asia,https://www.countryflags.io/MY/flat/64.png,5.1,7.8,7.8,,10.4,10.4,10.4,10.5,9.1,9.1,9.1,10.0,10.8,9.9,9.9,10.4,10.4,10.4,10.4,10.4,10.4,10.4,13.9
NAM,,Namibia,Namibia,Africa,,6.9,22.2,22.2,22.2,25.0,25.0,25.0,26.4,25.0,26.9,26.9,26.9,26.9,26.9,24.4,24.4,24.4,24.4,,41.3,41.3,41.3,46.2
NCL,NC,New Caledonia,New Caledonia,Oceania,https://www.countryflags.io/NC/flat/64.png,,,,,,,,,,,,,,,,,,,,,,,
NER,NE,Niger,Niger,Africa,https://www.countryflags.io/NE/flat/64.png,5.4,1.2,1.2,,1.2,1.2,1.2,1.2,12.4,12.4,12.4,12.4,12.4,9.7,,13.3,13.3,13.3,13.3,13.3,14.6,17.0,17.0
NGA,NG,Nigeria,Nigeria,Africa,https://www.countryflags.io/NG/flat/64.png,,,,,3.4,3.4,3.4,4.9,4.7,6.4,6.1,7.0,7.0,7.0,7.0,6.8,6.7,6.7,6.7,5.6,5.6,5.6,5.6
NIC,NI,Nicaragua,Nicaragua,Central America,https://www.countryflags.io/NI/flat/64.png,14.8,10.8,10.8,9.7,9.7,,20.7,20.7,20.7,20.7,15.2,18.5,18.5,20.7,20.7,40.2,40.2,40.2,42.4,41.3,41.3,45.7,45.7
NLD,NL,Netherlands,Netherlands,Europe,https://www.countryflags.io/NL/flat/64.png,21.3,31.3,36.0,36.0,36.0,36.0,34.0,36.7,36.7,36.7,36.7,39.3,41.3,42.0,40.7,40.7,38.7,38.7,38.7,37.3,37.3,36.0,36.0
NOR,NO,Norway,Norway,Europe,https://www.countryflags.io/NO/flat/64.png,35.8,36.4,36.4,36.4,36.4,35.8,36.4,36.4,38.2,37.9,37.9,36.1,36.1,39.6,39.6,39.6,39.6,39.6,39.6,39.6,39.6,39.6,41.4
NPL,NP,Nepal,Nepal,Asia,https://www.countryflags.io/NP/flat/64.png,6.1,3.4,3.4,5.9,5.9,5.9,5.9,5.9,5.9,5.9,5.9,17.3,33.2,33.2,33.2,33.2,33.2,33.2,29.5,29.5,29.6,29.6,32.7
NRU,NR,Nauru,Nauru,Oceania,https://www.countryflags.io/NR/flat/64.png,5.6,,0.0,0.0,,0.0,0.0,,0.0,0.0,0.0,0.0,0.0,0.0,0.0,0.0,0.0,5.3,5.3,5.3,5.3,10.5,10.5
NZL,NZ,New Zealand,New Zealand,Oceania,https://www.countryflags.io/NZ/flat/64.png,14.4,29.2,29.2,29.2,30.8,30.8,29.2,28.3,28.3,32.2,32.2,33.1,33.6,33.6,33.6,32.2,32.2,32.2,29.8,31.4,31.4,34.2,38.3
OMN,OM,Oman,Oman,Asia,https://www.countryflags.io/OM/flat/64.png,,,,,,,,,2.4,2.4,2.4,0.0,0.0,0.0,0.0,1.2,1.2,1.2,1.2,1.2,1.2,1.2,1.2
PAK,PK,Pakistan,Pakistan,Asia,https://www.countryflags.io/PK/flat/64.png,10.1,2.3,2.3,,,,21.1,21.6,21.3,21.3,21.3,21.1,22.5,22.2,22.2,22.5,22.5,20.7,20.7,20.6,20.6,20.6,20.6
PAN,PA,Panama,Panama,Central America,https://www.countryflags.io/PA/flat/64.png,7.5,9.7,9.7,,9.9,9.9,9.9,9.9,16.7,16.7,16.7,16.7,16.7,8.5,8.5,8.5,8.5,8.5,19.3,18.3,18.3,18.3,18.3
PER,PE,Peru,Peru,South America,https://www.countryflags.io/PE/flat/64.png,5.6,10.8,10.8,10.8,,17.5,17.5,17.5,18.3,18.3,29.2,29.2,29.2,27.5,27.5,21.5,21.5,21.5,22.3,22.3,27.7,27.7,27.7
PHL,PH,Philippines,Philippines,Asia,https://www.countryflags.io/PH/flat/64.png,9.1,11.1,12.4,12.4,11.3,17.8,17.8,17.8,15.3,15.3,15.3,20.5,20.5,21.0,22.1,22.9,22.9,27.1,27.3,27.2,29.8,29.5,29.5
PLW,PW,Palau,Palau,Oceania,https://www.countryflags.io/PW/flat/64.png,,0.0,0.0,0.0,0.0,0.0,0.0,0.0,0.0,0.0,0.0,0.0,0.0,0.0,0.0,0.0,0.0,0.0,0.0,0.0,0.0,12.5,12.5
PNG,PG,Papua New Guinea,Papua New Guinea,Oceania,https://www.countryflags.io/PG/flat/64.png,0.0,1.8,1.8,1.8,1.8,1.8,,0.9,0.9,0.9,0.9,0.9,0.9,0.9,0.9,0.9,2.7,2.7,2.7,2.7,2.7,0.0,0.0
POL,PL,Poland,Poland,Europe,https://www.countryflags.io/PL/flat/64.png,13.5,13.0,13.0,13.0,13.0,20.2,20.2,20.2,20.2,20.4,20.4,20.4,20.2,20.0,20.0,23.7,23.7,23.7,24.3,27.4,27.4,28.0,28.0
PRI,PR,Puerto Rico,Puerto Rico,Central America,https://www.countryflags.io/PR/flat/64.png,,,,,,,,,,,,,,,,,,,,,,,
PRK,KP,"Korea, Dem. People’s Rep.",North Korea,Asia,https://www.countryflags.io/KP/flat/64.png,21.1,20.1,20.1,20.1,20.1,20.1,20.1,,20.1,20.1,20.1,20.1,20.1,15.6,15.6,15.6,15.6,15.6,16.3,16.3,16.3,16.3,16.3
PRT,PT,Portugal,Portugal,Europe,https://www.countryflags.io/PT/flat/64.png,7.6,13.0,13.0,18.7,17.4,18.7,19.1,19.1,19.1,21.3,21.3,28.3,28.3,27.4,27.4,28.7,28.7,28.7,31.3,34.8,34.8,34.8,34.8
PRY,PY,Paraguay,Paraguay,South America,https://www.countryflags.io/PY/flat/64.png,5.6,2.5,,2.5,2.5,2.5,2.5,8.8,10.0,10.0,10.0,10.0,12.5,12.5,12.5,12.5,12.5,17.5,15.0,15.0,15.0,13.8,15.0
PSE,PS,West Bank and Gaza,West Bank and Gaza,Asia,https://www.countryflags.io/PS/flat/64.png,,,,,,,,,,,,,,,,,,,,,,,
PYF,PF,French Polynesia,French Polynesia,Oceania,https://www.countryflags.io/PF/flat/64.png,,,,,,,,,,,,,,,,,,,,,,,
QAT,QA,Qatar,Qatar,Asia,https://www.countryflags.io/QA/flat/64.png,,,,,,,,,,,0.0,0.0,0.0,0.0,0.0,0.0,0.0,0.0,0.0,0.0,0.0,0.0,9.8
ROU,RO,Romania,Romania,Europe,https://www.countryflags.io/RO/flat/64.png,34.4,7.3,7.3,7.3,,10.7,10.7,10.7,11.4,11.2,11.2,9.4,11.4,11.4,11.4,11.2,13.3,13.3,13.5,13.7,13.7,20.7,20.7
RUS,RU,Russian Federation,Russia,Europe,https://www.countryflags.io/RU/flat/64.png,15.6,10.2,10.2,,7.7,7.6,7.6,7.6,9.8,9.8,9.8,14.0,14.0,14.0,14.0,13.6,13.6,13.6,13.6,13.6,12.7,15.8,15.8
RWA,RW,Rwanda,Rwanda,Africa,https://www.countryflags.io/RW/flat/64.png,17.1,17.1,17.1,17.1,25.7,25.7,25.7,48.8,48.8,48.8,48.8,48.8,56.3,56.3,56.3,56.3,56.3,63.8,63.8,63.8,63.8,61.3,61.3
SAU,SA,Saudi Arabia,Saudi Arabia,Asia,https://www.countryflags.io/SA/flat/64.png,,,,,,,,0.0,0.0,0.0,0.0,0.0,0.0,0.0,0.0,0.0,0.0,19.9,19.9,19.9,19.9,19.9,19.9
SDN,SD,Sudan,Sudan,Africa,https://www.countryflags.io/SD/flat/64.png,,5.3,5.3,,,9.7,9.7,9.7,9.7,14.7,17.8,18.1,18.1,18.9,25.6,24.6,24.6,24.6,24.3,30.5,30.5,30.5,30.5
SEN,SN,Senegal,Senegal,Africa,https://www.countryflags.io/SN/flat/64.png,12.5,11.7,12.1,12.1,12.1,16.7,19.2,19.2,19.2,19.2,19.2,22.0,22.0,22.7,22.7,22.7,42.7,42.7,43.3,42.7,42.7,41.8,41.8
SGP,SG,Singapore,Singapore,Asia,https://www.countryflags.io/SG/flat/64.png,4.9,4.8,4.8,4.3,4.3,11.8,11.8,16.0,16.0,16.0,21.2,24.5,24.5,23.4,23.4,22.2,24.2,24.2,25.3,23.9,23.8,23.0,23.0
SLB,SB,Solomon Islands,Solomon Islands,Oceania,https://www.countryflags.io/SB/flat/64.png,0.0,,2.0,2.0,2.0,,0.0,0.0,0.0,0.0,0.0,0.0,0.0,0.0,0.0,0.0,2.0,2.0,2.0,2.0,2.0,2.0,4.0
SLE,SL,Sierra Leone,Sierra Leone,Africa,https://www.countryflags.io/SL/flat/64.png,,,,8.8,8.8,8.8,,14.5,14.5,14.5,14.5,13.2,13.2,13.2,13.2,12.9,12.4,12.4,12.1,12.4,12.4,12.4,12.3
SLV,SV,El Salvador,El Salvador,Central America,https://www.countryflags.io/SV/flat/64.png,11.7,15.5,16.7,16.7,9.5,9.5,9.5,10.7,10.7,10.7,16.7,16.7,16.7,19.0,19.0,19.0,26.2,26.2,27.4,32.1,32.1,32.1,31.0
SMR,SM,San Marino,San Marino,Europe,https://www.countryflags.io/SM/flat/64.png,11.7,11.7,13.3,13.3,13.3,16.7,16.7,16.7,16.7,16.7,11.7,11.7,15.0,16.7,16.7,18.3,16.7,18.3,18.3,16.7,16.7,26.7,26.7
SOM,SO,Somalia,Somalia,Africa,https://www.countryflags.io/SO/flat/64.png,4.0,,,,,,,,,8.0,7.8,8.2,8.2,6.9,6.8,6.8,13.8,13.8,13.8,13.8,13.8,24.4,24.4
SRB,RS,Serbia,Serbia,Europe,https://www.countryflags.io/RS/flat/64.png,,,,,,,,,,,12.0,20.4,21.6,21.6,21.6,22.0,33.2,33.2,34.0,34.0,34.0,34.4,34.4
SSD,SS,South Sudan,South Sudan,Africa,https://www.countryflags.io/SS/flat/64.png,,,,,,,,,,,,,,,,26.5,26.5,26.5,26.5,26.5,28.5,28.5,28.5
STP,ST,Sao Tome and Principe,Sao Tome and Principe,Africa,https://www.countryflags.io/ST/flat/64.png,11.8,7.3,7.3,9.1,9.1,9.1,,9.1,9.1,9.1,7.3,1.8,7.3,7.3,18.2,18.2,18.2,18.2,18.2,18.2,18.2,18.2,18.2
SUR,SR,Suriname,Suriname,South America,https://www.countryflags.io/SR/flat/64.png,7.8,15.7,15.7,15.7,,17.6,17.6,17.6,19.6,25.5,25.5,25.5,25.5,25.5,9.8,11.8,11.8,11.8,11.8,25.5,25.5,25.5,25.5
SVK,SK,Slovak Republic,Slovak Republic,Europe,https://www.countryflags.io/SK/flat/64.png,,14.7,14.7,12.7,14.0,14.0,17.3,19.3,16.7,16.7,20.0,19.3,19.3,18.0,15.3,16.0,18.7,18.7,18.7,18.7,20.0,20.0,20.0
SVN,SI,Slovenia,Slovenia,Europe,https://www.countryflags.io/SI/flat/64.png,,7.8,7.8,7.8,,12.2,12.2,12.2,12.2,12.2,12.2,12.2,13.3,14.4,14.4,32.2,32.2,32.2,35.6,36.7,36.7,36.7,24.4
SWE,SE,Sweden,Sweden,Europe,https://www.countryflags.io/SE/flat/64.png,38.4,40.4,40.4,42.7,42.7,42.7,45.0,45.3,45.3,45.3,47.3,47.0,47.0,46.4,45.0,44.7,44.7,44.7,44.7,43.6,43.6,43.6,46.1
SWZ,SZ,Eswatini,Eswatini,Africa,https://www.countryflags.io/SZ/flat/64.png,3.6,3.1,3.1,3.1,3.1,3.1,3.1,10.8,10.8,10.8,10.8,10.8,13.8,13.6,13.6,13.6,13.6,6.2,6.2,6.2,6.2,6.2,7.2
SXM,SX,Sint Maarten (Dutch part),Sint Maarten (Dutch part),Central America,https://www.countryflags.io/SX/flat/64.png,,,,,,,,,,,,,,,,,,,,,,,
SYC,SC,Seychelles,Seychelles,Africa,https://www.countryflags.io/SC/flat/64.png,16.0,27.3,23.5,23.5,23.5,23.5,29.4,29.4,29.4,29.4,29.4,23.5,23.5,23.5,23.5,43.8,43.8,43.8,43.8,43.8,21.2,21.2,21.2
SYR,SY,Syrian Arab Republic,Syria,Asia,https://www.countryflags.io/SY/flat/64.png,9.2,9.6,9.6,10.4,10.4,10.4,10.4,12.0,12.0,12.0,12.0,12.0,12.4,12.4,12.4,12.4,12.0,12.0,12.0,12.4,13.2,13.2,13.2
TCA,TC,Turks and Caicos Islands,Turks and Caicos Islands,Central America,https://www.countryflags.io/TC/flat/64.png,,,,,,,,,,,,,,,,,,,,,,,
TCD,TD,Chad,Chad,Africa,https://www.countryflags.io/TD/flat/64.png,,2.4,2.4,2.4,2.4,2.4,,5.8,6.5,6.5,6.5,5.2,5.2,5.2,5.2,12.8,14.9,14.9,14.9,14.9,14.9,12.8,15.3
TGO,TG,Togo,Togo,Africa,https://www.countryflags.io/TG/flat/64.png,5.2,1.2,1.2,,4.9,4.9,4.9,7.4,6.2,7.4,8.6,11.1,11.1,11.1,11.1,11.1,11.1,15.4,17.6,17.6,17.6,17.6,17.6
THA,TH,Thailand,Thailand,Asia,https://www.countryflags.io/TH/flat/64.png,2.8,5.6,5.6,5.6,4.8,9.2,9.2,9.2,8.8,10.6,8.7,11.7,11.7,13.3,13.3,15.8,15.8,15.8,6.1,6.1,6.1,4.8,5.3
TJK,TJ,Tajikistan,Tajikistan,Asia,https://www.countryflags.io/TJ/flat/64.png,,2.8,2.8,2.8,15.0,12.7,12.7,12.7,12.7,17.5,17.5,17.5,17.5,17.5,19.0,19.0,19.0,19.0,16.9,19.0,19.0,19.0,19.0
TKM,TM,Turkmenistan,Turkmenistan,Asia,https://www.countryflags.io/TM/flat/64.png,26.0,18.0,18.0,,26.0,26.0,26.0,26.0,,16.0,16.0,16.0,,16.8,16.8,16.8,16.8,16.8,26.4,25.8,25.8,25.8,24.8
TLS,TL,Timor-Leste,Timor-Leste,Asia,https://www.countryflags.io/TL/flat/64.png,,,,,,,,26.1,25.3,25.3,25.3,29.2,29.2,29.2,29.2,32.3,38.5,38.5,38.5,38.5,38.5,32.3,33.8
TON,TO,Tonga,Tonga,Oceania,https://www.countryflags.io/TO/flat/64.png,0.0,0.0,0.0,,0.0,0.0,,0.0,0.0,3.4,3.3,3.3,3.1,3.1,0.0,3.6,3.6,3.6,0.0,0.0,0.0,3.8,7.4
TTO,TT,Trinidad and Tobago,Trinidad and Tobago,Central America,https://www.countryflags.io/TT/flat/64.png,16.7,11.1,11.1,11.1,,11.1,19.4,19.4,19.4,19.4,19.4,26.8,26.8,26.8,28.6,28.6,28.6,28.6,28.6,31.0,31.0,31.0,31.0
TUN,TN,Tunisia,Tunisia,Africa,https://www.countryflags.io/TN/flat/64.png,4.3,6.7,7.4,11.5,11.5,11.5,11.5,11.5,22.8,22.8,22.8,22.8,22.8,27.6,27.6,26.7,26.7,26.7,31.3,31.3,31.3,31.3,31.3
TUR,TR,Turkey,Turkey,Asia,https://www.countryflags.io/TR/flat/64.png,1.3,2.4,2.4,4.2,4.2,4.2,,4.4,4.4,4.4,4.4,9.1,9.1,9.1,9.1,14.2,14.2,14.4,14.4,14.9,14.9,14.6,17.4
TUV,TV,Tuvalu,Tuvalu,Oceania,https://www.countryflags.io/TV/flat/64.png,7.7,8.3,,0.0,0.0,0.0,,0.0,0.0,0.0,0.0,0.0,0.0,0.0,0.0,6.7,6.7,6.7,6.7,6.7,6.7,6.7,6.7
TZA,TZ,Tanzania,Tanzania,Africa,https://www.countryflags.io/TZ/flat/64.png,,17.5,17.5,16.4,,22.3,22.3,21.4,21.4,30.4,30.4,30.4,30.4,30.7,,36.0,36.0,36.0,36.0,36.0,36.6,36.4,37.2
UGA,UG,Uganda,Uganda,Africa,https://www.countryflags.io/UG/flat/64.png,12.2,18.1,18.1,17.9,17.8,24.7,24.7,24.7,23.9,23.9,29.8,30.7,30.7,31.5,31.3,35.0,35.0,35.0,35.0,35.0,33.5,34.3,34.3
UKR,UA,Ukraine,Ukraine,Europe,https://www.countryflags.io/UA/flat/64.png,,3.8,,7.8,7.8,7.8,,5.3,5.3,5.3,8.7,8.2,8.2,8.0,8.0,8.0,9.4,9.4,11.7,12.1,12.0,12.3,12.3
URY,UY,Uruguay,Uruguay,South America,https://www.countryflags.io/UY/flat/64.png,6.1,7.1,7.1,12.1,12.1,12.1,12.1,12.1,12.1,11.1,11.1,12.1,12.1,14.1,15.2,12.1,12.1,12.1,16.2,16.2,16.2,20.2,20.2
USA,US,United States,United States,North America,https://www.countryflags.io/US/flat/64.png,6.6,11.7,11.7,13.3,,14.0,13.8,14.3,14.9,15.2,16.3,16.8,17.0,16.8,16.8,16.8,18.0,17.9,19.3,19.4,19.4,19.4,19.6
UZB,UZ,Uzbekistan,Uzbekistan,Asia,https://www.countryflags.io/UZ/flat/64.png,,6.0,6.0,,7.2,7.2,7.2,7.2,17.5,17.5,17.5,17.5,17.5,22.0,22.0,22.0,22.0,22.0,22.0,16.0,16.0,16.0,16.0
VCT,VC,St. Vincent and the Grenadines,St. Vincent and the Grenadines,Central America,https://www.countryflags.io/VC/flat/64.png,9.5,9.5,,4.8,4.8,,22.7,22.7,22.7,18.2,18.2,18.2,18.2,21.7,14.3,17.4,17.4,13.0,13.0,13.0,13.0,13.0,13.0
VEN,VE,"Venezuela, RB","Venezuela, RB",South America,https://www.countryflags.io/VE/flat/64.png,10.0,5.9,5.9,12.1,,9.7,9.7,9.7,9.7,17.4,18.0,18.6,18.6,17.5,17.0,17.0,17.0,17.0,17.0,17.0,14.4,22.2,22.2
VGB,VG,British Virgin Islands,British Virgin Islands,Central America,https://www.countryflags.io/VG/flat/64.png,,,,,,,,,,,,,,,,,,,,,,,
VIR,VI,Virgin Islands (U.S.),Virgin Islands (U.S.),Central America,https://www.countryflags.io/VI/flat/64.png,,,,,,,,,,,,,,,,,,,,,,,
VNM,VN,Vietnam,Vietnam,Asia,https://www.countryflags.io/VN/flat/64.png,17.7,26.2,26.2,26.0,26.0,26.0,27.3,27.3,27.3,27.3,27.3,25.8,25.8,25.8,25.8,24.4,24.4,24.4,24.3,24.3,26.7,26.7,26.7
VUT,VU,Vanuatu,Vanuatu,Oceania,https://www.countryflags.io/VU/flat/64.png,4.3,,,0.0,0.0,0.0,1.9,1.9,3.8,3.8,3.8,3.8,3.8,3.8,3.8,1.9,0.0,0.0,0.0,0.0,0.0,0.0,0.0
WSM,WS,Samoa,Samoa,Oceania,https://www.countryflags.io/WS/flat/64.png,0.0,4.1,4.1,8.2,8.2,6.1,6.1,6.1,6.1,6.1,6.1,8.2,8.2,8.2,8.2,4.1,4.1,4.1,6.1,6.1,10.0,10.0,10.0
XKX,,Kosovo,Kosovo,Europe,,,,,,,,,,,,,,,,,,,,,,,,
YEM,YE,"Yemen, Rep.","Yemen, Rep.",Asia,https://www.countryflags.io/YE/flat/64.png,4.1,,0.7,0.7,0.7,0.7,0.7,0.3,0.3,0.3,0.3,0.3,0.3,0.3,0.3,0.3,0.3,0.3,0.3,0.0,0.0,0.0,0.0
ZAF,ZA,South Africa,South Africa,Africa,https://www.countryflags.io/ZA/flat/64.png,2.8,25.0,28.8,30.0,29.8,29.8,29.8,29.8,32.8,32.8,32.8,33.0,33.0,44.5,44.5,42.3,42.3,42.3,41.5,42.0,41.8,42.0,42.3
ZMB,ZM,Zambia,Zambia,Africa,https://www.countryflags.io/ZM/flat/64.png,6.6,9.7,10.3,10.1,10.1,10.1,12.0,12.0,12.0,12.7,14.6,15.2,15.2,14.0,14.0,11.5,11.5,11.5,10.8,12.7,18.0,18.0,18.0
ZWE,ZW,Zimbabwe,Zimbabwe,Africa,https://www.countryflags.io/ZW/flat/64.png,11.0,14.7,14.7,14.0,9.3,10.0,10.0,10.0,10.0,16.0,16.7,16.0,15.2,15.0,15.0,15.0,15.0,31.5,31.5,31.5,31.5,32.6,31.5
