Country Code,alpha2Code,Country Name,alias,region,flagImageUrl,1977,1979,1980,1981,1982,1983,1984,1985,1986,1987,1988,1989,1990,1991,1992,1993,1994,1995,1996,1997,1998,1999,2000,2001,2002,2003,2004,2005,2006,2007,2008,2009,2010,2011,2012,2013,2014,2015,2016,2017
ABW,AW,Aruba,Aruba,Central America,https://www.countryflags.io/AW/flat/64.png,,,,,,,,,,,,,,,,,,,,,,,,,,,,,,,,,,,,,,,,
AFG,AF,Afghanistan,Afghanistan,Asia,https://www.countryflags.io/AF/flat/64.png,,,,,,,,,,,,,,,,,,,,,,,,,,,,,,,,,,,,,,,,
AGO,AO,Angola,Angola,Africa,https://www.countryflags.io/AO/flat/64.png,,,,,,,,,,,,,,,,,,,,,,,32.3,,,,,,,,30.1,,,,,,,,,
ALB,AL,Albania,Albania,Europe,https://www.countryflags.io/AL/flat/64.png,,,,,,,,,,,,,,,,,,,1.1,,,,,,2.0,,,1.1,,,0.4,,,,1.1,,,,,
AND,AD,Andorra,Andorra,Europe,https://www.countryflags.io/AD/flat/64.png,,,,,,,,,,,,,,,,,,,,,,,,,,,,,,,,,,,,,,,,
ARE,AE,United Arab Emirates,UAE,Asia,https://www.countryflags.io/AE/flat/64.png,,,,,,,,,,,,,,,,,,,,,,,,,,,,,,,,,,,,,,,,
ARG,AR,Argentina,Argentina,South America,https://www.countryflags.io/AR/flat/64.png,,,0.4,,,,,,0.0,0.0,,,,1.1,2.1,2.4,2.3,4.1,4.6,4.1,4.6,4.8,5.7,9.4,14.0,7.0,5.4,3.9,3.3,2.9,2.6,2.6,1.1,0.9,0.8,0.8,0.7,,0.6,0.4
ARM,AM,Armenia,Armenia,Europe,https://www.countryflags.io/AM/flat/64.png,,,,,,,,,,,,,,,,,,,,,,16.9,,19.3,15.1,11.4,7.9,4.5,3.2,2.8,1.4,1.9,1.9,2.2,1.6,2.2,2.3,1.9,1.8,1.4
ASM,AS,American Samoa,American Samoa,Oceania,https://www.countryflags.io/AS/flat/64.png,,,,,,,,,,,,,,,,,,,,,,,,,,,,,,,,,,,,,,,,
ATG,AG,Antigua and Barbuda,Antigua and Barbuda,Central America,https://www.countryflags.io/AG/flat/64.png,,,,,,,,,,,,,,,,,,,,,,,,,,,,,,,,,,,,,,,,
AUS,AU,Australia,Australia,Oceania,https://www.countryflags.io/AU/flat/64.png,,,,1.0,,,,1.0,,,,0.7,,,,,,0.7,,,,,,0.7,,1.0,0.7,,,,0.5,,0.5,,,,0.7,,,
AUT,AT,Austria,Austria,Europe,https://www.countryflags.io/AT/flat/64.png,,,,,,,,,,,,,,,,,,,,,,,,,,0.2,0.0,0.2,0.0,0.5,0.5,0.5,0.5,0.5,0.5,0.2,0.2,0.7,,
AZE,AZ,Azerbaijan,Azerbaijan,Europe,https://www.countryflags.io/AZ/flat/64.png,,,,,,,,,,,,,,,,,,7.3,,,,,,2.7,0.0,0.0,0.0,0.0,,,,,,,,,,,,
BDI,BI,Burundi,Burundi,Africa,https://www.countryflags.io/BI/flat/64.png,,,,,,,,,,,,,,,81.1,,,,,,84.1,,,,,,,,77.7,,,,,,,71.8,,,,
BEL,BE,Belgium,Belgium,Europe,https://www.countryflags.io/BE/flat/64.png,,,,,,,,,,,,,,,,,,,,,,,,,,0.2,0.0,0.2,0.2,0.2,0.0,0.0,0.2,0.2,0.2,0.2,0.0,0.0,,
BEN,BJ,Benin,Benin,Africa,https://www.countryflags.io/BJ/flat/64.png,,,,,,,,,,,,,,,,,,,,,,,,,,48.8,,,,,,,,53.1,,,,49.5,,
BFA,BF,Burkina Faso,Burkina Faso,Africa,https://www.countryflags.io/BF/flat/64.png,,,,,,,,,,,,,,,,,83.1,,,,81.6,,,,,57.3,,,,,,55.3,,,,,43.7,,,
BGD,BD,Bangladesh,Bangladesh,Asia,https://www.countryflags.io/BD/flat/64.png,,,,,,29.9,,25.4,,,37.8,,,44.2,,,,35.7,,,,,34.8,,,,,25.7,,,,,19.6,,,,,,14.8,
BGR,BG,Bulgaria,Bulgaria,Europe,https://www.countryflags.io/BG/flat/64.png,,,,,,,,,,,,,,,0.0,,,,,,,,,,,,,,5.5,1.7,1.2,1.2,2.0,2.2,2.0,1.7,1.5,,,
BHR,BH,Bahrain,Bahrain,Asia,https://www.countryflags.io/BH/flat/64.png,,,,,,,,,,,,,,,,,,,,,,,,,,,,,,,,,,,,,,,,
BHS,BS,"Bahamas, The","Bahamas, The",Central America,https://www.countryflags.io/BS/flat/64.png,,,,,,,,,,,,,,,,,,,,,,,,,,,,,,,,,,,,,,,,
BIH,BA,Bosnia and Herzegovina,Bosnia and Herzegovina,Europe,https://www.countryflags.io/BA/flat/64.png,,,,,,,,,,,,,,,,,,,,,,,,0.3,,,0.2,,,0.1,,,,0.1,,,,,,
BLR,BY,Belarus,Belarus,Europe,https://www.countryflags.io/BY/flat/64.png,,,,,,,,,,,,,,,,,,,,,11.6,10.5,7.1,3.2,2.1,1.4,0.3,0.4,0.1,0.1,0.0,0.0,0.0,0.0,0.0,0.0,0.0,0.0,0.0,0.0
BLZ,BZ,Belize,Belize,Central America,https://www.countryflags.io/BZ/flat/64.png,,,,,,,,,,,,,,,,10.1,9.9,,13.3,16.0,14.4,13.9,,,,,,,,,,,,,,,,,,
BMU,BM,Bermuda,Bermuda,Central America,https://www.countryflags.io/BM/flat/64.png,,,,,,,,,,,,,,,,,,,,,,,,,,,,,,,,,,,,,,,,
BOL,BO,Bolivia,Bolivia,South America,https://www.countryflags.io/BO/flat/64.png,,,,,,,,,,,,,7.1,,,,,,,19.3,,25.3,28.6,22.8,24.7,,13.7,19.3,16.4,12.4,11.1,10.5,,7.3,8.2,6.9,5.8,6.4,7.1,5.8
BRA,BR,Brazil,Brazil,South America,https://www.countryflags.io/BR/flat/64.png,,,,21.4,21.7,27.7,26.9,23.1,10.5,17.8,20.1,18.3,21.6,,20.9,19.9,,13.0,14.2,14.0,12.7,13.4,,11.6,10.3,11.1,9.7,8.6,7.2,6.8,5.6,5.4,,4.7,3.8,3.8,2.8,3.4,4.3,4.8
BRB,BB,Barbados,Barbados,Central America,https://www.countryflags.io/BB/flat/64.png,,,,,,,,,,,,,,,,,,,,,,,,,,,,,,,,,,,,,,,,
BRN,BN,Brunei Darussalam,Brunei Darussalam,Asia,https://www.countryflags.io/BN/flat/64.png,,,,,,,,,,,,,,,,,,,,,,,,,,,,,,,,,,,,,,,,
BTN,BT,Bhutan,Bhutan,Asia,https://www.countryflags.io/BT/flat/64.png,,,,,,,,,,,,,,,,,,,,,,,,,,17.6,,,,8.0,,,,,2.2,,,,,1.5
BWA,BW,Botswana,Botswana,Africa,https://www.countryflags.io/BW/flat/64.png,,,,,,,,42.6,,,,,,,,34.8,,,,,,,,,29.8,,,,,,,18.2,,,,,,16.1,,
CAF,CF,Central African Republic,Central African Republic,Africa,https://www.countryflags.io/CF/flat/64.png,,,,,,,,,,,,,,,84.3,,,,,,,,,,,64.8,,,,,66.3,,,,,,,,,
CAN,CA,Canada,Canada,North America,https://www.countryflags.io/CA/flat/64.png,,,,0.5,,,,,,0.2,,,,0.2,,,0.2,,,0.5,0.5,,0.2,,,,0.2,,,0.2,,,0.2,,,0.5,,,,
CHE,CH,Switzerland,Switzerland,Europe,https://www.countryflags.io/CH/flat/64.png,,,,,,,,,,,,,,,,,,,,,,,,,,,,,0.0,0.0,0.0,0.0,0.0,0.0,0.0,0.0,0.0,0.0,,
CHL,CL,Chile,Chile,South America,https://www.countryflags.io/CL/flat/64.png,,,,,,,,,,11.7,,,8.1,,4.7,,5.0,,3.4,,3.5,,4.4,,,4.2,,,2.4,,,2.6,,1.6,,0.9,,1.3,,0.7
CHN,CN,China,China,Asia,https://www.countryflags.io/CN/flat/64.png,,,,,,,,,,,,,66.2,,,56.6,,,41.7,,,40.2,,,31.7,,,18.5,,,14.8,,11.2,7.9,6.5,1.9,1.4,0.7,,
CIV,CI,Cote d'Ivoire,Cote d'Ivoire,Africa,https://www.countryflags.io/CI/flat/64.png,,,,,,,,6.8,3.1,6.8,10.7,,,,22.4,,,19.6,,,25.8,,,,23.2,,,,,,29.1,,,,,,,28.2,,
CMR,CM,Cameroon,Cameroon,Africa,https://www.countryflags.io/CM/flat/64.png,,,,,,,,,,,,,,,,,,,48.1,,,,,23.1,,,,,,29.3,,,,,,,23.8,,,
COD,CD,"Congo, Dem. Rep.","Congo, Dem. Rep.",Africa,https://www.countryflags.io/CD/flat/64.png,,,,,,,,,,,,,,,,,,,,,,,,,,,94.1,,,,,,,,76.6,,,,,
COG,CG,"Congo, Rep.","Congo, Rep.",Africa,https://www.countryflags.io/CG/flat/64.png,,,,,,,,,,,,,,,,,,,,,,,,,,,,53.4,,,,,,37.0,,,,,,
COL,CO,Colombia,Colombia,South America,https://www.countryflags.io/CO/flat/64.png,,,,,,,,,,,,,,,8.9,,,,16.5,,,20.1,16.4,19.7,14.3,12.0,10.9,9.7,,,10.4,8.9,7.7,6.3,6.2,5.7,5.0,4.5,4.5,3.9
COM,KM,Comoros,Comoros,Africa,https://www.countryflags.io/KM/flat/64.png,,,,,,,,,,,,,,,,,,,,,,,,,,,13.5,,,,,,,,,17.9,,,,
CPV,CV,Cabo Verde,Cabo Verde,Africa,https://www.countryflags.io/CV/flat/64.png,,,,,,,,,,,,,,,,,,,,,,,,16.2,,,,,,8.1,,,,,,,,,,
CRI,CR,Costa Rica,Costa Rica,Central America,https://www.countryflags.io/CR/flat/64.png,,,,24.7,,,,,13.2,,,12.0,9.9,11.7,9.6,8.0,6.6,6.9,8.0,6.5,5.1,6.4,6.5,4.7,4.5,4.4,4.3,3.1,3.2,1.7,2.2,2.4,1.5,1.6,1.6,1.6,1.4,1.5,1.3,1.0
CUB,CU,Cuba,Cuba,Central America,https://www.countryflags.io/CU/flat/64.png,,,,,,,,,,,,,,,,,,,,,,,,,,,,,,,,,,,,,,,,
CUW,CW,Curacao,Curacao,Central America,https://www.countryflags.io/CW/flat/64.png,,,,,,,,,,,,,,,,,,,,,,,,,,,,,,,,,,,,,,,,
CYM,KY,Cayman Islands,Cayman Islands,Central America,https://www.countryflags.io/KY/flat/64.png,,,,,,,,,,,,,,,,,,,,,,,,,,,,,,,,,,,,,,,,
CYP,CY,Cyprus,Cyprus,Europe,https://www.countryflags.io/CY/flat/64.png,,,,,,,,,,,,,,,,,,,,,,,,,,,0.0,0.0,0.0,0.0,0.0,0.0,0.0,0.0,0.0,0.0,0.0,0.0,,
CZE,CZ,Czech Republic,Czech Republic,Europe,https://www.countryflags.io/CZ/flat/64.png,,,,,,,,,,,,,,,,0.0,,,0.2,,,,,,,,0.0,0.0,0.0,0.0,0.0,0.0,0.0,0.0,0.0,0.0,0.0,0.0,,
DEU,DE,Germany,Germany,Europe,https://www.countryflags.io/DE/flat/64.png,,,,,,,,,,,,,,0.0,,,0.2,0.2,,,0.0,,0.0,0.0,0.2,0.2,0.0,0.0,0.0,0.0,0.0,0.0,0.0,0.0,,0.0,,0.0,,
DJI,DJ,Djibouti,Djibouti,Africa,https://www.countryflags.io/DJ/flat/64.png,,,,,,,,,,,,,,,,,,,,,,,,,20.6,,,,,,,,,,18.3,22.7,,,,17.1
DMA,DM,Dominica,Dominica,Central America,https://www.countryflags.io/DM/flat/64.png,,,,,,,,,,,,,,,,,,,,,,,,,,,,,,,,,,,,,,,,
DNK,DK,Denmark,Denmark,Europe,https://www.countryflags.io/DK/flat/64.png,,,,,,,,,,,,,,,,,,,,,,,,,,0.2,0.2,0.2,0.2,0.0,0.2,0.5,0.0,0.0,0.0,0.2,0.2,0.2,,
DOM,DO,Dominican Republic,Dominican Republic,Central America,https://www.countryflags.io/DO/flat/64.png,,,,,,,,,5.2,,,13.4,,,5.3,,,,4.9,5.2,,,5.5,3.9,5.6,6.6,8.5,5.6,4.3,4.3,3.7,3.1,2.5,2.9,2.6,2.2,2.1,1.8,1.6,
DZA,DZ,Algeria,Algeria,Africa,https://www.countryflags.io/DZ/flat/64.png,,,,,,,,,,,6.4,,,,,,,5.8,,,,,,,,,,,,,,,,0.5,,,,,,
ECU,EC,Ecuador,Ecuador,South America,https://www.countryflags.io/EC/flat/64.png,,,,,,,,,,17.6,,,,,,,17.1,,,,15.7,21.8,28.2,,,14.5,15.0,12.1,8.1,8.5,7.5,7.2,5.6,4.7,4.5,3.2,2.6,3.4,3.6,3.2
EGY,EG,"Egypt, Arab Rep.",Egypt,Africa,https://www.countryflags.io/EG/flat/64.png,,,,,,,,,,,,,7.4,,,,,4.6,,,,2.0,,,,,4.4,,,,3.9,,3.0,,2.3,,,1.3,,
ERI,ER,Eritrea,Eritrea,Africa,https://www.countryflags.io/ER/flat/64.png,,,,,,,,,,,,,,,,,,,,,,,,,,,,,,,,,,,,,,,,
ESP,ES,Spain,Spain,Europe,https://www.countryflags.io/ES/flat/64.png,,,,,,,,,,,,,,,,,,,,,,,,,,0.7,0.7,0.7,0.7,0.4,0.5,0.7,0.7,1.2,1.0,1.2,0.7,1.0,,
EST,EE,Estonia,Estonia,Europe,https://www.countryflags.io/EE/flat/64.png,,,,,,,,,,,,,,,,1.3,,,,,,,,,,2.5,1.0,0.7,0.7,0.5,0.5,0.5,0.7,1.0,0.7,1.0,0.7,0.5,,
ETH,ET,Ethiopia,Ethiopia,Africa,https://www.countryflags.io/ET/flat/64.png,,,,,,,,,,,,,,,,,,71.1,,,,61.2,,,,,37.2,,,,,,33.5,,,,,27.3,,
FIN,FI,Finland,Finland,Europe,https://www.countryflags.io/FI/flat/64.png,,,,,,,,,,,,,,,,,,,,,,,,,,0.0,0.0,0.0,0.0,0.0,0.0,0.0,0.0,0.0,0.0,0.0,0.0,0.0,,
FJI,FJ,Fiji,Fiji,Oceania,https://www.countryflags.io/FJ/flat/64.png,,,,,,,,,,,,,,,,,,,,,,,,,4.9,,,,,,3.5,,,,,1.4,,,,
FRA,FR,France,France,Europe,https://www.countryflags.io/FR/flat/64.png,,,,,,,,,,,,,,,,,,,,,,,,,,0.0,0.0,0.0,0.0,0.0,0.0,0.0,0.0,0.0,0.0,0.0,0.0,0.0,,
FRO,FO,Faroe Islands,Faroe Islands,Europe,https://www.countryflags.io/FO/flat/64.png,,,,,,,,,,,,,,,,,,,,,,,,,,,,,,,,,,,,,,,,
FSM,FM,"Micronesia, Fed. Sts.","Micronesia, Fed. Sts.",Oceania,https://www.countryflags.io/FM/flat/64.png,,,,,,,,,,,,,,,,,,,,,,,,,,,,8.1,,,,,,,,15.4,,,,
GAB,GA,Gabon,Gabon,Africa,https://www.countryflags.io/GA/flat/64.png,,,,,,,,,,,,,,,,,,,,,,,,,,,,8.0,,,,,,,,,,,,3.4
GBR,GB,United Kingdom,United Kingdom,Europe,https://www.countryflags.io/GB/flat/64.png,,,,,,,,,,,,,,,,,,,,,,,,,,,0.5,0.5,0.2,0.2,0.2,0.2,0.2,0.2,0.2,0.2,0.2,0.2,,
GEO,GE,Georgia,Georgia,Europe,https://www.countryflags.io/GE/flat/64.png,,,,,,,,,,,,,,,,,,,5.5,16.3,14.6,18.7,19.4,19.4,10.5,10.7,10.1,10.9,10.5,11.8,10.4,10.3,12.2,11.3,8.6,6.6,5.0,3.8,3.9,5.0
GHA,GH,Ghana,Ghana,Africa,https://www.countryflags.io/GH/flat/64.png,,,,,,,,,,42.6,42.3,,,49.8,,,,,,,35.7,,,,,,,24.5,,,,,,,12.0,,,,13.3,
GIB,GI,Gibraltar,Gibraltar,Europe,https://www.countryflags.io/GI/flat/64.png,,,,,,,,,,,,,,,,,,,,,,,,,,,,,,,,,,,,,,,,
GIN,GN,Guinea,Guinea,Africa,https://www.countryflags.io/GN/flat/64.png,,,,,,,,,,,,,,91.6,,,49.3,,,,,,,,62.2,,,,,59.7,,,,,35.3,,,,,
GMB,GM,"Gambia, The","Gambia, The",Africa,https://www.countryflags.io/GM/flat/64.png,,,,,,,,,,,,,,,,,,,,,70.5,,,,,45.3,,,,,,,25.1,,,,,10.1,,
GNB,GW,Guinea-Bissau,Guinea-Bissau,Africa,https://www.countryflags.io/GW/flat/64.png,,,,,,,,,,,,,,43.0,,64.0,,,,,,,,,53.9,,,,,,,,67.1,,,,,,,
GNQ,GQ,Equatorial Guinea,Equatorial Guinea,Africa,https://www.countryflags.io/GQ/flat/64.png,,,,,,,,,,,,,,,,,,,,,,,,,,,,,,,,,,,,,,,,
GRC,GR,Greece,Greece,Europe,https://www.countryflags.io/GR/flat/64.png,,,,,,,,,,,,,,,,,,,,,,,,,,0.5,0.7,0.2,0.5,0.5,0.5,0.5,1.0,1.2,1.5,1.0,1.5,1.5,,
GRD,GD,Grenada,Grenada,Central America,https://www.countryflags.io/GD/flat/64.png,,,,,,,,,,,,,,,,,,,,,,,,,,,,,,,,,,,,,,,,
GRL,GL,Greenland,Greenland,Europe,https://www.countryflags.io/GL/flat/64.png,,,,,,,,,,,,,,,,,,,,,,,,,,,,,,,,,,,,,,,,
GTM,GT,Guatemala,Guatemala,Central America,https://www.countryflags.io/GT/flat/64.png,,,,,,,,,48.6,,,36.1,,,,,,,,,13.4,,9.2,,,,,,11.1,,,,,,,,8.7,,,
GUM,GU,Guam,Guam,Oceania,https://www.countryflags.io/GU/flat/64.png,,,,,,,,,,,,,,,,,,,,,,,,,,,,,,,,,,,,,,,,
GUY,GY,Guyana,Guyana,South America,https://www.countryflags.io/GY/flat/64.png,,,,,,,,,,,,,,,33.9,,,,,,14.0,,,,,,,,,,,,,,,,,,,
HKG,HK,"Hong Kong SAR, China",Hong Kong,Asia,https://www.countryflags.io/HK/flat/64.png,,,,,,,,,,,,,,,,,,,,,,,,,,,,,,,,,,,,,,,,
HND,HN,Honduras,Honduras,Central America,https://www.countryflags.io/HN/flat/64.png,,,,,,,,,,,,42.2,44.3,33.4,28.7,23.6,26.7,27.7,30.4,21.2,25.9,26.5,,21.3,23.4,28.1,27.2,26.5,22.5,17.2,16.5,13.8,15.0,17.1,19.6,17.3,15.9,16.2,16.0,17.2
HRV,HR,Croatia,Croatia,Europe,https://www.countryflags.io/HR/flat/64.png,,,,,,,,,,,0.0,,,,,,,,,,,,,,,,,,,,,1.0,1.2,0.7,0.7,0.7,1.0,0.7,,
HTI,HT,Haiti,Haiti,Central America,https://www.countryflags.io/HT/flat/64.png,,,,,,,,,,,,,,,,,,,,,,,,,,,,,,,,,,,25.0,,,,,
HUN,HU,Hungary,Hungary,Europe,https://www.countryflags.io/HU/flat/64.png,,,,,,,,,,0.1,,0.1,,,,0.2,,,,,,,,,,,0.2,0.7,0.2,0.0,0.0,0.0,0.0,0.0,0.2,0.2,0.7,0.5,,
IDN,ID,Indonesia,Indonesia,Asia,https://www.countryflags.io/ID/flat/64.png,,,,,,,71.4,,,71.4,,,58.8,,,58.5,,,47.4,,66.7,41.7,39.3,35.5,22.8,22.6,23.9,21.1,27.4,22.4,21.8,18.2,15.7,13.3,11.6,9.4,7.9,7.2,6.5,5.7
IMN,IM,Isle of Man,Isle of Man,Europe,https://www.countryflags.io/IM/flat/64.png,,,,,,,,,,,,,,,,,,,,,,,,,,,,,,,,,,,,,,,,
IND,IN,India,India,Asia,https://www.countryflags.io/IN/flat/64.png,61.6,,,,,54.8,,,,48.9,,,,,,45.9,,,,,,,,,,,38.2,,,,,31.1,,21.2,,,,,,
IRL,IE,Ireland,Ireland,Europe,https://www.countryflags.io/IE/flat/64.png,,,,,,,,,,,,,,,,,,,,,,,,,,0.2,0.0,0.0,0.1,0.0,0.2,0.5,0.5,0.5,0.2,0.7,0.5,0.2,,
IRN,IR,"Iran, Islamic Rep.",Iran,Asia,https://www.countryflags.io/IR/flat/64.png,,,,,,,,,6.8,,,,5.6,,,,3.2,,,,2.6,,,,,,,0.4,0.4,,,1.0,,,,0.1,0.2,0.3,0.3,
IRQ,IQ,Iraq,Iraq,Asia,https://www.countryflags.io/IQ/flat/64.png,,,,,,,,,,,,,,,,,,,,,,,,,,,,,2.1,,,,,,2.5,,,,,
ISL,IS,Iceland,Iceland,Europe,https://www.countryflags.io/IS/flat/64.png,,,,,,,,,,,,,,,,,,,,,,,,,,0.0,0.2,0.0,0.2,0.0,0.0,0.0,0.2,0.2,0.0,0.0,0.0,,,
ISR,IL,Israel,Israel,Asia,https://www.countryflags.io/IL/flat/64.png,,0.0,,,,,,,0.2,,,,,,0.2,,,,,0.2,,,,0.2,,,,0.5,,0.5,,,0.2,,0.5,,0.5,,0.2,
ITA,IT,Italy,Italy,Europe,https://www.countryflags.io/IT/flat/64.png,,,,,,,,,,,,,,,,,,,,,,,,,,0.7,0.7,0.7,0.7,0.7,0.7,1.0,1.2,1.2,1.2,1.4,1.2,2.0,,
JAM,JM,Jamaica,Jamaica,Central America,https://www.countryflags.io/JM/flat/64.png,,,,,,,,,,,6.2,,4.6,,,9.9,,,3.4,,,2.6,,,2.8,,1.7,,,,,,,,,,,,,
JOR,JO,Jordan,Jordan,Asia,https://www.countryflags.io/JO/flat/64.png,,,,,,,,,0.0,,,,,,2.9,,,,,1.6,,,,,1.1,,,,0.3,,0.1,,0.1,,,,,,,
JPN,JP,Japan,Japan,Asia,https://www.countryflags.io/JP/flat/64.png,,,,,,,,,,,,,,,,,,,,,,,,,,,,,,,0.2,,,,,,,,,
KAZ,KZ,Kazakhstan,Kazakhstan,Asia,https://www.countryflags.io/KZ/flat/64.png,,,,,,,,,,,,,,,,,,,6.3,,,,,10.3,6.8,4.6,2.3,6.9,0.6,0.3,0.1,0.2,0.1,0.0,0.0,0.0,0.0,0.0,0.0,0.0
KEN,KE,Kenya,Kenya,Africa,https://www.countryflags.io/KE/flat/64.png,,,,,,,,,,,,,,,31.4,,31.5,,,31.9,,,,,,,,43.7,,,,,,,,,,36.8,,
KGZ,KG,Kyrgyz Republic,Kyrgyz Republic,Asia,https://www.countryflags.io/KG/flat/64.png,,,,,,,,,,,,,,,,,,,,,30.6,,42.1,36.4,34.1,28.1,13.6,15.3,9.9,9.9,4.0,2.1,4.1,1.8,2.9,3.3,1.3,2.5,1.4,1.5
KHM,KH,Cambodia,Cambodia,Asia,https://www.countryflags.io/KH/flat/64.png,,,,,,,,,,,,,,,,,,,,,,,,,,,,,,,,,,,,,,,,
KIR,KI,Kiribati,Kiribati,Oceania,https://www.countryflags.io/KI/flat/64.png,,,,,,,,,,,,,,,,,,,,,,,,,,,,,12.9,,,,,,,,,,,
KNA,KN,St. Kitts and Nevis,St. Kitts and Nevis,Central America,https://www.countryflags.io/KN/flat/64.png,,,,,,,,,,,,,,,,,,,,,,,,,,,,,,,,,,,,,,,,
KOR,KR,"Korea, Rep.",South Korea,Asia,https://www.countryflags.io/KR/flat/64.png,,,,,,,,,,,,,,,,,,,,,,,,,,,,,0.2,,0.2,,0.5,,0.2,,,,,
KWT,KW,Kuwait,Kuwait,Asia,https://www.countryflags.io/KW/flat/64.png,,,,,,,,,,,,,,,,,,,,,,,,,,,,,,,,,,,,,,,,
LAO,LA,Lao PDR,Lao PDR,Asia,https://www.countryflags.io/LA/flat/64.png,,,,,,,,,,,,,,,32.2,,,,,52.4,,,,,33.8,,,,,27.0,,,,,22.7,,,,,
LBN,LB,Lebanon,Lebanon,Asia,https://www.countryflags.io/LB/flat/64.png,,,,,,,,,,,,,,,,,,,,,,,,,,,,,,,,,,0.0,,,,,,
LBR,LR,Liberia,Liberia,Africa,https://www.countryflags.io/LR/flat/64.png,,,,,,,,,,,,,,,,,,,,,,,,,,,,,,68.6,,,,,,,38.6,,40.9,
LBY,LY,Libya,Libya,Africa,https://www.countryflags.io/LY/flat/64.png,,,,,,,,,,,,,,,,,,,,,,,,,,,,,,,,,,,,,,,,
LCA,LC,St. Lucia,St. Lucia,Central America,https://www.countryflags.io/LC/flat/64.png,,,,,,,,,,,,,,,,,,35.8,,,,,,,,,,,,,,,,,,,,,4.7,
LIE,LI,Liechtenstein,Liechtenstein,Europe,https://www.countryflags.io/LI/flat/64.png,,,,,,,,,,,,,,,,,,,,,,,,,,,,,,,,,,,,,,,,
LKA,LK,Sri Lanka,Sri Lanka,Asia,https://www.countryflags.io/LK/flat/64.png,,,,,,,,13.3,,,,,8.7,,,,,8.8,,,,,,,8.3,,,,3.8,,,2.4,,,1.9,,,,0.8,
LSO,LS,Lesotho,Lesotho,Africa,https://www.countryflags.io/LS/flat/64.png,,,,,,,,,49.4,,,,,,,,50.2,,,,,,,,61.3,,,,,,,,59.7,,,,,,,
LTU,LT,Lithuania,Lithuania,Europe,https://www.countryflags.io/LT/flat/64.png,,,,,,,,,,,,,,,,7.0,,,,,,,,,,,2.7,1.7,1.5,1.2,1.5,2.2,1.5,0.7,1.0,0.7,1.2,0.7,,
LUX,LU,Luxembourg,Luxembourg,Europe,https://www.countryflags.io/LU/flat/64.png,,,,,,,,,,,,,,,,,,,,,,,,,,0.0,0.0,0.0,0.0,0.0,0.0,0.0,0.0,0.0,0.0,0.1,0.2,0.2,,
LVA,LV,Latvia,Latvia,Europe,https://www.countryflags.io/LV/flat/64.png,,,,,,,,,,,,,,,,0.0,,0.0,1.6,,,,,,,,2.5,2.2,1.5,0.5,1.2,1.7,1.7,1.0,1.0,1.2,0.7,0.7,,
MAC,MO,"Macao SAR, China",Macao,Asia,https://www.countryflags.io/MO/flat/64.png,,,,,,,,,,,,,,,,,,,,,,,,,,,,,,,,,,,,,,,,
MAF,MF,St. Martin (French part),St. Martin (French part),Central America,https://www.countryflags.io/MF/flat/64.png,,,,,,,,,,,,,,,,,,,,,,,,,,,,,,,,,,,,,,,,
MAR,MA,Morocco,Morocco,Africa,https://www.countryflags.io/MA/flat/64.png,,,,,,,11.1,,,,,,2.9,,,,,,,,7.5,,6.3,,,,,,3.1,,,,,,,1.0,,,,
MCO,MC,Monaco,Monaco,Europe,https://www.countryflags.io/MC/flat/64.png,,,,,,,,,,,,,,,,,,,,,,,,,,,,,,,,,,,,,,,,
MDA,MD,Moldova,Moldova,Europe,https://www.countryflags.io/MD/flat/64.png,,,,,,,,,,,,,,,,,,,,15.7,27.2,38.5,35.7,27.2,16.3,7.5,8.6,13.9,2.4,1.1,1.3,1.0,0.5,0.3,0.3,0.1,0.0,0.0,0.2,0.1
MDG,MG,Madagascar,Madagascar,Africa,https://www.countryflags.io/MG/flat/64.png,,,46.1,,,,,,,,,,,,,70.3,,,,66.8,,64.2,,68.7,,,,72.0,,,,,78.5,,77.6,,,,,
MDV,MV,Maldives,Maldives,Asia,https://www.countryflags.io/MV/flat/64.png,,,,,,,,,,,,,,,,,,,,,,,,,10.0,,,,,,,7.3,,,,,,,,
MEX,MX,Mexico,Mexico,Central America,https://www.countryflags.io/MX/flat/64.png,,,,,,,8.1,,,,,,,,7.7,,6.6,,11.2,,11.2,,8.9,,6.6,,5.2,6.2,3.4,,4.1,,4.2,,3.4,,4.1,,2.5,
MHL,MH,Marshall Islands,Marshall Islands,Oceania,https://www.countryflags.io/MH/flat/64.png,,,,,,,,,,,,,,,,,,,,,,,,,,,,,,,,,,,,,,,,
MKD,MK,North Macedonia,North Macedonia,Europe,https://www.countryflags.io/MK/flat/64.png,,,,,,,,,,,,,,,,,,,,,,,,,,,,,,,,9.6,10.4,8.8,6.8,5.2,4.4,5.2,,
MLI,ML,Mali,Mali,Africa,https://www.countryflags.io/ML/flat/64.png,,,,,,,,,,,,,,,,,85.1,,,,,,,58.5,,,,,51.2,,,49.7,,,,,,,,
MLT,MT,Malta,Malta,Europe,https://www.countryflags.io/MT/flat/64.png,,,,,,,,,,,,,,,,,,,,,,,,,,,,,0.5,0.5,0.2,0.5,0.2,0.2,0.2,0.0,0.0,0.0,,
MMR,MM,Myanmar,Myanmar,Asia,https://www.countryflags.io/MM/flat/64.png,,,,,,,,,,,,,,,,,,,,,,,,,,,,,,,,,,,,,,6.2,,
MNE,ME,Montenegro,Montenegro,Europe,https://www.countryflags.io/ME/flat/64.png,,,,,,,,,,,,,,,,,,,,,,,,,,,,0.2,0.1,0.4,0.2,0.0,0.0,0.2,1.3,1.0,0.0,,,
MNG,MN,Mongolia,Mongolia,Asia,https://www.countryflags.io/MN/flat/64.png,,,,,,,,,,,,,,,,,,12.7,,,25.2,,,,9.7,,,,,1.3,,,0.8,0.6,0.4,,0.2,,0.6,
MNP,MP,Northern Mariana Islands,Northern Mariana Islands,Oceania,https://www.countryflags.io/MP/flat/64.png,,,,,,,,,,,,,,,,,,,,,,,,,,,,,,,,,,,,,,,,
MOZ,MZ,Mozambique,Mozambique,Africa,https://www.countryflags.io/MZ/flat/64.png,,,,,,,,,,,,,,,,,,,82.9,,,,,,81.0,,,,,,69.1,,,,,,62.4,,,
MRT,MR,Mauritania,Mauritania,Africa,https://www.countryflags.io/MR/flat/64.png,,,,,,,,,,40.0,,,,,,41.1,,20.6,,,,,19.6,,,,14.4,,,,10.8,,,,,,6.0,,,
MUS,MU,Mauritius,Mauritius,Africa,https://www.countryflags.io/MU/flat/64.png,,,,,,,,,,,,,,,,,,,,,,,,,,,,,0.4,,,,,,0.5,,,,,
MWI,MW,Malawi,Malawi,Africa,https://www.countryflags.io/MW/flat/64.png,,,,,,,,,,,,,,,,,,,,63.3,,,,,,,73.4,,,,,,71.7,,,,,,70.3,
MYS,MY,Malaysia,Malaysia,Asia,https://www.countryflags.io/MY/flat/64.png,,,,,,,2.9,,,2.1,,1.6,,,1.3,,,1.8,,0.4,,,,,,,0.4,,,0.5,0.5,,,0.1,,0.0,,0.0,,
NAM,,Namibia,Namibia,Africa,,,,,,,,,,,,,,,,,,,,,,,,,,,31.5,,,,,,22.6,,,,,,13.4,,
NCL,NC,New Caledonia,New Caledonia,Oceania,https://www.countryflags.io/NC/flat/64.png,,,,,,,,,,,,,,,,,,,,,,,,,,,,,,,,,,,,,,,,
NER,NE,Niger,Niger,Africa,https://www.countryflags.io/NE/flat/64.png,,,,,,,,,,,,,,,78.2,,81.4,,,,,,,,,,,74.9,,72.0,,,,50.3,,,44.5,,,
NGA,NG,Nigeria,Nigeria,Africa,https://www.countryflags.io/NG/flat/64.png,,,,,,,,53.3,,,,,,,57.1,,,,63.5,,,,,,,53.5,,,,,,53.5,,,,,,,,
NIC,NI,Nicaragua,Nicaragua,Central America,https://www.countryflags.io/NI/flat/64.png,,,,,,,,,,,,,,,,36.3,,,,,24.2,,,16.5,,,,8.3,,,,7.3,,,,,3.2,,,
NLD,NL,Netherlands,Netherlands,Europe,https://www.countryflags.io/NL/flat/64.png,,,,,,,,,,,,,,,,,,,,,,,,,,,0.2,0.0,0.0,0.0,0.0,0.2,0.0,0.0,0.0,0.0,0.0,0.0,,
NOR,NO,Norway,Norway,Europe,https://www.countryflags.io/NO/flat/64.png,,,,,,,,,,,,,,,,,,,,,,,,,,0.2,0.2,0.2,0.2,0.2,0.2,0.0,0.0,0.0,0.0,0.0,0.0,0.2,,
NPL,NP,Nepal,Nepal,Asia,https://www.countryflags.io/NP/flat/64.png,,,,,,,,,,,,,,,,,,61.9,,,,,,,,46.1,,,,,,,15.0,,,,,,,
NRU,NR,Nauru,Nauru,Oceania,https://www.countryflags.io/NR/flat/64.png,,,,,,,,,,,,,,,,,,,,,,,,,,,,,,,,,,,,,,,,
NZL,NZ,New Zealand,New Zealand,Oceania,https://www.countryflags.io/NZ/flat/64.png,,,,,,,,,,,,,,,,,,,,,,,,,,,,,,,,,,,,,,,,
OMN,OM,Oman,Oman,Asia,https://www.countryflags.io/OM/flat/64.png,,,,,,,,,,,,,,,,,,,,,,,,,,,,,,,,,,,,,,,,
PAK,PK,Pakistan,Pakistan,Asia,https://www.countryflags.io/PK/flat/64.png,,,,,,,,,,62.2,,,58.9,,,,,,15.9,,23.4,,,28.6,,,18.0,16.5,,13.2,,,8.3,7.9,,6.1,,3.9,,
PAN,PA,Panama,Panama,Central America,https://www.countryflags.io/PA/flat/64.png,,8.1,,,,,,,,,,23.9,,21.9,,,,16.3,,15.0,15.2,13.4,12.4,15.5,11.2,11.2,10.1,10.0,10.5,7.8,5.2,3.2,4.5,3.0,4.1,2.8,3.5,2.0,2.2,2.5
PER,PE,Peru,Peru,South America,https://www.countryflags.io/PE/flat/64.png,,,,,,,,,,,,,,,,,,,,17.9,16.7,17.6,16.3,17.2,15.0,11.7,13.5,15.3,13.3,11.0,9.0,7.0,5.5,5.2,4.7,4.3,3.7,3.6,3.5,3.4
PHL,PH,Philippines,Philippines,Asia,https://www.countryflags.io/PH/flat/64.png,,,,,,,,28.1,,,25.1,,,26.6,,,25.0,,,17.7,,,14.5,,,13.1,,,14.7,,,10.7,,,12.0,,,7.8,,
PLW,PW,Palau,Palau,Oceania,https://www.countryflags.io/PW/flat/64.png,,,,,,,,,,,,,,,,,,,,,,,,,,,,,,,,,,,,,,,,
PNG,PG,Papua New Guinea,Papua New Guinea,Oceania,https://www.countryflags.io/PG/flat/64.png,,,,,,,,,,,,,,,,,,,53.2,,,,,,,,,,,,,38.0,,,,,,,,
POL,PL,Poland,Poland,Europe,https://www.countryflags.io/PL/flat/64.png,,,,,,,,,,,,,,,,0.2,,,2.7,,0.0,0.1,0.1,0.1,0.1,0.1,0.1,0.1,0.0,0.0,0.0,0.0,0.0,0.0,0.0,0.0,0.0,0.0,0.0,
PRI,PR,Puerto Rico,Puerto Rico,Central America,https://www.countryflags.io/PR/flat/64.png,,,,,,,,,,,,,,,,,,,,,,,,,,,,,,,,,,,,,,,,
PRK,KP,"Korea, Dem. People’s Rep.",North Korea,Asia,https://www.countryflags.io/KP/flat/64.png,,,,,,,,,,,,,,,,,,,,,,,,,,,,,,,,,,,,,,,,
PRT,PT,Portugal,Portugal,Europe,https://www.countryflags.io/PT/flat/64.png,,,,,,,,,,,,,,,,,,,,,,,,,,1.0,0.5,0.5,0.0,0.2,0.2,0.2,0.2,0.5,0.7,0.7,0.5,0.5,,
PRY,PY,Paraguay,Paraguay,South America,https://www.countryflags.io/PY/flat/64.png,,,,,,,,,,,,,1.2,,,,,12.4,,10.6,,10.2,,8.9,13.2,8.3,5.7,6.1,7.9,7.8,4.3,5.8,5.5,5.0,3.3,1.8,2.4,1.9,1.7,1.2
PSE,PS,West Bank and Gaza,West Bank and Gaza,Asia,https://www.countryflags.io/PS/flat/64.png,,,,,,,,,,,,,,,,,,,,,,,,,,,1.1,0.9,0.3,1.5,,0.3,0.2,0.2,,,,,1.0,
PYF,PF,French Polynesia,French Polynesia,Oceania,https://www.countryflags.io/PF/flat/64.png,,,,,,,,,,,,,,,,,,,,,,,,,,,,,,,,,,,,,,,,
QAT,QA,Qatar,Qatar,Asia,https://www.countryflags.io/QA/flat/64.png,,,,,,,,,,,,,,,,,,,,,,,,,,,,,,,,,,,,,,,,
ROU,RO,Romania,Romania,Europe,https://www.countryflags.io/RO/flat/64.png,,,,,,,,,,,,0.3,,,0.6,,10.7,,,,,,,,,,,,8.0,5.7,4.5,3.5,4.5,5.7,6.7,7.2,7.5,5.7,,
RUS,RU,Russian Federation,Russia,Europe,https://www.countryflags.io/RU/flat/64.png,,,,,,,,,,,,,,,,2.4,,,3.6,1.1,1.7,3.4,2.2,1.3,0.7,0.8,0.7,0.5,0.3,0.1,0.1,0.0,0.1,0.0,0.0,0.0,0.0,0.0,,
RWA,RW,Rwanda,Rwanda,Africa,https://www.countryflags.io/RW/flat/64.png,,,,,,,63.0,,,,,,,,,,,,,,,,77.2,,,,,68.3,,,,,62.3,,,56.8,,,55.5,
SAU,SA,Saudi Arabia,Saudi Arabia,Asia,https://www.countryflags.io/SA/flat/64.png,,,,,,,,,,,,,,,,,,,,,,,,,,,,,,,,,,,,,,,,
SDN,SD,Sudan,Sudan,Africa,https://www.countryflags.io/SD/flat/64.png,,,,,,,,,,,,,,,,,,,,,,,,,,,,,,,,14.9,,,,,,,,
SEN,SN,Senegal,Senegal,Africa,https://www.countryflags.io/SN/flat/64.png,,,,,,,,,,,,,,67.9,,,56.6,,,,,,,48.3,,,,37.4,,,,,,38.0,,,,,,
SGP,SG,Singapore,Singapore,Asia,https://www.countryflags.io/SG/flat/64.png,,,,,,,,,,,,,,,,,,,,,,,,,,,,,,,,,,,,,,,,
SLB,SB,Solomon Islands,Solomon Islands,Oceania,https://www.countryflags.io/SB/flat/64.png,,,,,,,,,,,,,,,,,,,,,,,,,,,,45.6,,,,,,,,25.1,,,,
SLE,SL,Sierra Leone,Sierra Leone,Africa,https://www.countryflags.io/SL/flat/64.png,,,,,,,,,,,,66.7,,,,,,,,,,,,,,60.6,,,,,,,,52.2,,,,,,
SLV,SV,El Salvador,El Salvador,Central America,https://www.countryflags.io/SV/flat/64.png,,,,,,,,,,,,18.0,,20.7,,,,12.5,14.1,,20.0,16.3,12.2,13.5,14.0,14.8,10.9,10.4,6.9,4.5,6.7,6.4,5.5,4.5,4.1,3.2,3.0,1.9,2.2,1.9
SMR,SM,San Marino,San Marino,Europe,https://www.countryflags.io/SM/flat/64.png,,,,,,,,,,,,,,,,,,,,,,,,,,,,,,,,,,,,,,,,
SOM,SO,Somalia,Somalia,Africa,https://www.countryflags.io/SO/flat/64.png,,,,,,,,,,,,,,,,,,,,,,,,,,,,,,,,,,,,,,,,
SRB,RS,Serbia,Serbia,Europe,https://www.countryflags.io/RS/flat/64.png,,,,,,,,,,,,,,,,,,,,,,,,,0.2,0.5,0.9,0.9,0.5,0.4,0.1,0.1,0.2,,,0.3,,0.1,,
SSD,SS,South Sudan,South Sudan,Africa,https://www.countryflags.io/SS/flat/64.png,,,,,,,,,,,,,,,,,,,,,,,,,,,,,,,,42.7,,,,,,,,
STP,ST,Sao Tome and Principe,Sao Tome and Principe,Africa,https://www.countryflags.io/ST/flat/64.png,,,,,,,,,,,,,,,,,,,,,,,29.8,,,,,,,,,,32.3,,,,,,,
SUR,SR,Suriname,Suriname,South America,https://www.countryflags.io/SR/flat/64.png,,,,,,,,,,,,,,,,,,,,,,23.4,,,,,,,,,,,,,,,,,,
SVK,SK,Slovak Republic,Slovak Republic,Europe,https://www.countryflags.io/SK/flat/64.png,,,,,,,,,,,,,,,,,,,0.5,,,,,,,,0.0,0.2,0.2,0.2,0.5,0.4,0.5,0.5,0.2,0.2,0.7,0.7,,
SVN,SI,Slovenia,Slovenia,Europe,https://www.countryflags.io/SI/flat/64.png,,,,,,,,,,,,,,,,0.0,,,,,,,,,,,0.0,0.0,0.0,0.0,0.0,0.0,0.0,0.0,0.0,0.0,0.0,0.0,,
SWE,SE,Sweden,Sweden,Europe,https://www.countryflags.io/SE/flat/64.png,,,,,,,,,,,,,,,,,,,,,,,,,,0.2,0.5,0.9,0.2,0.5,0.5,0.5,0.5,0.5,0.5,0.7,0.5,0.5,,
SWZ,SZ,Eswatini,Eswatini,Africa,https://www.countryflags.io/SZ/flat/64.png,,,,,,,,,,,,,,,,,81.7,,,,,,48.4,,,,,,,,,42.0,,,,,,,,
SXM,SX,Sint Maarten (Dutch part),Sint Maarten (Dutch part),Central America,https://www.countryflags.io/SX/flat/64.png,,,,,,,,,,,,,,,,,,,,,,,,,,,,,,,,,,,,,,,,
SYC,SC,Seychelles,Seychelles,Africa,https://www.countryflags.io/SC/flat/64.png,,,,,,,,,,,,,,,,,,,,,,,,,,,,,,,,,,,,1.1,,,,
SYR,SY,Syrian Arab Republic,Syria,Asia,https://www.countryflags.io/SY/flat/64.png,,,,,,,,,,,,,,,,,,,,,,,,,,,1.7,,,,,,,,,,,,,
TCA,TC,Turks and Caicos Islands,Turks and Caicos Islands,Central America,https://www.countryflags.io/TC/flat/64.png,,,,,,,,,,,,,,,,,,,,,,,,,,,,,,,,,,,,,,,,
TCD,TD,Chad,Chad,Africa,https://www.countryflags.io/TD/flat/64.png,,,,,,,,,,,,,,,,,,,,,,,,,,62.9,,,,,,,,38.4,,,,,,
TGO,TG,Togo,Togo,Africa,https://www.countryflags.io/TG/flat/64.png,,,,,,,,,,,,,,,,,,,,,,,,,,,,,55.6,,,,,54.2,,,,49.2,,
THA,TH,Thailand,Thailand,Asia,https://www.countryflags.io/TH/flat/64.png,,,,19.6,,,,,,,14.3,,9.4,,6.6,,3.2,,2.2,,1.5,2.5,2.5,,1.1,,0.8,,0.7,0.3,0.1,0.2,0.1,0.0,0.1,0.0,0.0,0.0,0.0,0.0
TJK,TJ,Tajikistan,Tajikistan,Asia,https://www.countryflags.io/TJ/flat/64.png,,,,,,,,,,,,,,,,,,,,,,54.4,,,,30.8,15.4,,,10.4,,4.7,,,,,,4.8,,
TKM,TM,Turkmenistan,Turkmenistan,Asia,https://www.countryflags.io/TM/flat/64.png,,,,,,,,,,,,,,,,,,,,,51.4,,,,,,,,,,,,,,,,,,,
TLS,TL,Timor-Leste,Timor-Leste,Asia,https://www.countryflags.io/TL/flat/64.png,,,,,,,,,,,,,,,,,,,,,,,,46.0,,,,,,47.0,,,,,,,30.7,,,
TON,TO,Tonga,Tonga,Oceania,https://www.countryflags.io/TO/flat/64.png,,,,,,,,,,,,,,,,,,,,,,,,2.8,,,,,,,,1.1,,,,,,1.0,,
TTO,TT,Trinidad and Tobago,Trinidad and Tobago,Central America,https://www.countryflags.io/TT/flat/64.png,,,,,,,,,,,0.7,,,,3.4,,,,,,,,,,,,,,,,,,,,,,,,,
TUN,TN,Tunisia,Tunisia,Africa,https://www.countryflags.io/TN/flat/64.png,,,,,,,,15.0,,,,,10.6,,,,,11.7,,,,,5.9,,,,,3.3,,,,,2.0,,,,,0.3,,
TUR,TR,Turkey,Turkey,Asia,https://www.countryflags.io/TR/flat/64.png,,,,,,,,,,2.4,,,,,,,3.2,,,,,,,,2.5,4.2,2.2,2.6,1.9,1.4,0.6,0.9,0.8,0.3,0.3,0.3,0.3,0.3,0.2,
TUV,TV,Tuvalu,Tuvalu,Oceania,https://www.countryflags.io/TV/flat/64.png,,,,,,,,,,,,,,,,,,,,,,,,,,,,,,,,,3.3,,,,,,,
TZA,TZ,Tanzania,Tanzania,Africa,https://www.countryflags.io/TZ/flat/64.png,,,,,,,,,,,,,,72.1,,,,,,,,,86.0,,,,,,,59.9,,,,49.1,,,,,,
UGA,UG,Uganda,Uganda,Africa,https://www.countryflags.io/UG/flat/64.png,,,,,,,,,,,,57.7,,,63.8,,,,62.6,,,66.9,,,65.1,,,56.4,,,,44.6,,,35.9,,,,41.7,
UKR,UA,Ukraine,Ukraine,Europe,https://www.countryflags.io/UA/flat/64.png,,,,,,,,,,,,,,,3.0,1.3,,5.4,5.4,,,,,,1.7,0.6,0.6,0.3,0.1,0.1,0.0,0.1,0.0,0.0,0.0,0.0,0.0,0.1,0.1,
URY,UY,Uruguay,Uruguay,South America,https://www.countryflags.io/UY/flat/64.png,,,,0.0,,,,,,,,0.6,,,,,,,,,,,,,,,,,0.5,0.3,0.2,0.2,0.1,0.1,0.1,0.2,0.1,0.1,0.1,0.1
USA,US,United States,United States,North America,https://www.countryflags.io/US/flat/64.png,,0.5,,,,,,,0.5,,,,,0.5,,,0.7,,,0.7,,,0.7,,,,1.0,,,1.0,,,1.0,,,1.0,,,1.2,
UZB,UZ,Uzbekistan,Uzbekistan,Asia,https://www.countryflags.io/UZ/flat/64.png,,,,,,,,,,,,,,,,,,,,,40.2,,62.0,,58.2,62.1,,,,,,,,,,,,,,
VCT,VC,St. Vincent and the Grenadines,St. Vincent and the Grenadines,Central America,https://www.countryflags.io/VC/flat/64.png,,,,,,,,,,,,,,,,,,,,,,,,,,,,,,,,,,,,,,,,
VEN,VE,"Venezuela, RB","Venezuela, RB",South America,https://www.countryflags.io/VE/flat/64.png,,,,5.8,,,,,,6.1,,7.4,,,4.8,,,10.4,,,12.8,12.0,,11.0,18.2,22.7,19.8,18.9,10.2,,,,,,,,,,,
VGB,VG,British Virgin Islands,British Virgin Islands,Central America,https://www.countryflags.io/VG/flat/64.png,,,,,,,,,,,,,,,,,,,,,,,,,,,,,,,,,,,,,,,,
VIR,VI,Virgin Islands (U.S.),Virgin Islands (U.S.),Central America,https://www.countryflags.io/VI/flat/64.png,,,,,,,,,,,,,,,,,,,,,,,,,,,,,,,,,,,,,,,,
VNM,VN,Vietnam,Vietnam,Asia,https://www.countryflags.io/VN/flat/64.png,,,,,,,,,,,,,,,52.9,,,,,,35.5,,,,38.0,,26.5,,19.5,,14.8,,4.2,,2.8,,2.7,,2.0,
VUT,VU,Vanuatu,Vanuatu,Oceania,https://www.countryflags.io/VU/flat/64.png,,,,,,,,,,,,,,,,,,,,,,,,,,,,,,,,,13.1,,,,,,,
WSM,WS,Samoa,Samoa,Oceania,https://www.countryflags.io/WS/flat/64.png,,,,,,,,,,,,,,,,,,,,,,,,,2.0,,,,,,0.6,,,,,1.1,,,,
XKX,,Kosovo,Kosovo,Europe,,,,,,,,,,,,,,,,,,,,,,,,,,,1.7,,3.0,3.2,,,2.7,2.2,1.4,0.5,0.3,0.7,0.4,0.6,0.2
YEM,YE,"Yemen, Rep.","Yemen, Rep.",Asia,https://www.countryflags.io/YE/flat/64.png,,,,,,,,,,,,,,,,,,,,,7.4,,,,,,,9.8,,,,,,,,,18.8,,,
ZAF,ZA,South Africa,South Africa,Africa,https://www.countryflags.io/ZA/flat/64.png,,,,,,,,,,,,,,,,31.7,,,36.6,,,,35.0,,,,,26.1,,,16.9,,16.5,,,,18.9,,,
ZMB,ZM,Zambia,Zambia,Africa,https://www.countryflags.io/ZM/flat/64.png,,,,,,,,,,,,,,54.1,,54.5,,,41.7,,42.1,,,,49.4,,56.7,,60.5,,,,64.4,,,,,57.5,,
ZWE,ZW,Zimbabwe,Zimbabwe,Africa,https://www.countryflags.io/ZW/flat/64.png,,,,,,,,,,,,,,,,,,,,,,,,,,,,,,,,,,21.4,,,,,,
